gene,community
A1BG,BrC16
AIP,BrC16
ANAPC10,BrC16
ANAPC16,BrC16
ANP32B,BrC16
ATP5G2,BrC16
BCAS2,BrC16
BTF3,BrC16
C12orf57,BrC16
C18orf21,BrC16
C19orf43,BrC16
C1orf50,BrC16
C8orf59,BrC16
CAMLG,BrC16
CCDC59,BrC16
CCNB1IP1,BrC16
CCNI,BrC16
CCT4,BrC16
CDK4,BrC16
CHMP5,BrC16
CLTA,BrC16
COMMD6,BrC16
COX4I1,BrC16
COX7A2L,BrC16
CSNK2B,BrC16
CWC15,BrC16
DNAJC19,BrC16
EBPL,BrC16
ECSIT,BrC16
EDF1,BrC16
EEF1A1,BrC16
EEF1B2,BrC16
EEF1D,BrC16
EEF1G,BrC16
EIF2A,BrC16
EIF3D,BrC16
EIF3E,BrC16
EIF3F,BrC16
EIF3G,BrC16
EIF3H,BrC16
EIF3K,BrC16
EIF3L,BrC16
EIF3M,BrC16
EIF4B,BrC16
ESD,BrC16
EXOSC5,BrC16
FAM207A,BrC16
FAM216A,BrC16
FAU,BrC16
FBL,BrC16
FBXL15,BrC16
GABARAP,BrC16
GABARAPL2,BrC16
GLTSCR2,BrC16
GSTP1,BrC16
HAX1,BrC16
HINT1,BrC16
HSCB,BrC16
IFI27L2,BrC16
IGBP1,BrC16
IMPDH2,BrC16
LINC00493,BrC16
LSM2,BrC16
MED30,BrC16
MMADHC,BrC16
MRPL11,BrC16
MRPL45,BrC16
MRPL9,BrC16
MRPS24,BrC16
MT-ATP6,BrC16
MT-ATP8,BrC16
MT-CO2,BrC16
MT-CYB,BrC16
MT-ND1,BrC16
MT-ND2,BrC16
MT-ND3,BrC16
MT-ND4,BrC16
MT-ND4L,BrC16
MZT2A,BrC16
NACA,BrC16
NBDY,BrC16
NDUFS4,BrC16
NME2,BrC16
NOB1,BrC16
NOSIP,BrC16
NPM1,BrC16
NPM3,BrC16
NSA2,BrC16
NSMCE1,BrC16
NSMCE2,BrC16
NT5C3B,BrC16
PCBP2,BrC16
PFDN4,BrC16
PFDN5,BrC16
PHB2,BrC16
POLR1D,BrC16
PSMG2,BrC16
PTRHD1,BrC16
RAB34,BrC16
RACK1,BrC16
RFC2,BrC16
RNF113A,BrC16
RPL10,BrC16
RPL10A,BrC16
RPL11,BrC16
RPL12,BrC16
RPL13,BrC16
RPL13A,BrC16
RPL14,BrC16
RPL15,BrC16
RPL17,BrC16
RPL18,BrC16
RPL18A,BrC16
RPL19,BrC16
RPL21,BrC16
RPL22,BrC16
RPL22L1,BrC16
RPL23,BrC16
RPL23A,BrC16
RPL24,BrC16
RPL26,BrC16
RPL27,BrC16
RPL27A,BrC16
RPL28,BrC16
RPL29,BrC16
RPL3,BrC16
RPL30,BrC16
RPL31,BrC16
RPL32,BrC16
RPL34,BrC16
RPL35,BrC16
RPL35A,BrC16
RPL36,BrC16
RPL36A,BrC16
RPL36AL,BrC16
RPL37,BrC16
RPL37A,BrC16
RPL38,BrC16
RPL39,BrC16
RPL4,BrC16
RPL41,BrC16
RPL5,BrC16
RPL6,BrC16
RPL7,BrC16
RPL7A,BrC16
RPL8,BrC16
RPL9,BrC16
RPLP0,BrC16
RPLP1,BrC16
RPP21,BrC16
RPS10,BrC16
RPS11,BrC16
RPS12,BrC16
RPS13,BrC16
RPS14,BrC16
RPS15,BrC16
RPS15A,BrC16
RPS16,BrC16
RPS17,BrC16
RPS18,BrC16
RPS19,BrC16
RPS2,BrC16
RPS20,BrC16
RPS21,BrC16
RPS23,BrC16
RPS24,BrC16
RPS25,BrC16
RPS27,BrC16
RPS27A,BrC16
RPS28,BrC16
RPS29,BrC16
RPS3,BrC16
RPS3A,BrC16
RPS4X,BrC16
RPS5,BrC16
RPS6,BrC16
RPS7,BrC16
RPS8,BrC16
RPS9,BrC16
RPSA,BrC16
RSL1D1,BrC16
RSL24D1,BrC16
SARNP,BrC16
SAT2,BrC16
SDHAF1,BrC16
SEC11A,BrC16
SERGEF,BrC16
SKP1,BrC16
SLC25A6,BrC16
SLC27A5,BrC16
SMDT1,BrC16
SMIM20,BrC16
SNRPA,BrC16
SNRPD2,BrC16
SSR2,BrC16
SSR4,BrC16
ST13,BrC16
SUMO2,BrC16
SURF2,BrC16
SYF2,BrC16
SYS1,BrC16
TATDN1,BrC16
TIMM9,BrC16
TMEM258,BrC16
TMEM35B,BrC16
TOMM20,BrC16
TOMM7,BrC16
TPT1,BrC16
UBA52,BrC16
UBXN1,BrC16
UQCRB,BrC16
UXT,BrC16
ZNF277,BrC16
ZNF581,BrC16
ZNRD1,BrC16
AAAS,BrC4
ABHD8,BrC4
AC025335.1,BrC4
ACBD4,BrC4
ACBD6,BrC4
ACD,BrC4
ACSF3,BrC4
ACYP1,BrC4
ADAMTSL5,BrC4
ADAT3,BrC4
ADCK1,BrC4
ADCK5,BrC4
ADPRHL2,BrC4
ADPRM,BrC4
AES,BrC4
AGBL5,BrC4
AJUBA,BrC4
AK8,BrC4
AKAP8L,BrC4
AKIP1,BrC4
ALG1L2,BrC4
ALKBH4,BrC4
ALKBH6,BrC4
AMDHD2,BrC4
ANKRD16,BrC4
ANKRD24,BrC4
ANKRD35,BrC4
ANKRD39,BrC4
ANKRD54,BrC4
ANKRD9,BrC4
ANKS3,BrC4
AP4M1,BrC4
APBA3,BrC4
APBB1,BrC4
APEX2,BrC4
APH1A,BrC4
APOBEC3C,BrC4
APOBEC3D,BrC4
APOBEC3F,BrC4
APOBEC3G,BrC4
APOM,BrC4
APTX,BrC4
ARHGAP33,BrC4
ARL4A,BrC4
ARMC7,BrC4
ARMCX2,BrC4
ARRDC1,BrC4
ARSE,BrC4
AS3MT,BrC4
ASMTL,BrC4
ASTN2,BrC4
ATF6B,BrC4
ATG10,BrC4
ATG4D,BrC4
ATRIP,BrC4
AUH,BrC4
AZIN2,BrC4
B3GAT3,BrC4
B3GNTL1,BrC4
B4GAT1,BrC4
BAIAP2,BrC4
BANP,BrC4
BBC3,BrC4
BBS1,BrC4
BBS2,BrC4
BBS4,BrC4
BCAS3,BrC4
BCDIN3D,BrC4
BCKDHA,BrC4
BCS1L,BrC4
BDH2,BrC4
BEGAIN,BrC4
BEND5,BrC4
BEX3,BrC4
BLNK,BrC4
BMP4,BrC4
BTBD2,BrC4
C11orf68,BrC4
C11orf71,BrC4
C12orf76,BrC4
C14orf93,BrC4
C16orf58,BrC4
C16orf86,BrC4
C17orf100,BrC4
C17orf75,BrC4
C19orf44,BrC4
C19orf71,BrC4
C1QTNF4,BrC4
C1orf228,BrC4
C1orf35,BrC4
C20orf196,BrC4
C21orf2,BrC4
C21orf59,BrC4
C3orf18,BrC4
C4orf36,BrC4
C5orf38,BrC4
C6orf136,BrC4
C7orf26,BrC4
CA11,BrC4
CAMK2N1,BrC4
CAPN12,BrC4
CAPN8,BrC4
CAPS,BrC4
CARMIL2,BrC4
CARMIL3,BrC4
CASKIN1,BrC4
CBX1,BrC4
CBX4,BrC4
CCDC102A,BrC4
CCDC159,BrC4
CCDC22,BrC4
CCDC28A,BrC4
CCDC61,BrC4
CCER2,BrC4
CCS,BrC4
CDK20,BrC4
CEP85,BrC4
CETN3,BrC4
CFAP20,BrC4
CFAP36,BrC4
CHADL,BrC4
CHDH,BrC4
CHEK2,BrC4
CHMP7,BrC4
CHPF,BrC4
CHST14,BrC4
CHTF18,BrC4
CIRBP,BrC4
CLSTN1,BrC4
CLYBL,BrC4
CNNM3,BrC4
CNTN1,BrC4
COG4,BrC4
COL9A2,BrC4
COPG2,BrC4
COQ10A,BrC4
COQ6,BrC4
COQ8B,BrC4
COX20,BrC4
CPT1B,BrC4
CRABP2,BrC4
CRIP3,BrC4
CSRP1,BrC4
CTD-2132N18.2,BrC4
CTSF,BrC4
CXXC1,BrC4
CXorf56,BrC4
CYB561,BrC4
DAP,BrC4
DAXX,BrC4
DCP1B,BrC4
DDRGK1,BrC4
DDX41,BrC4
DEDD2,BrC4
DENND2D,BrC4
DGCR14,BrC4
DHPS,BrC4
DHRS1,BrC4
DHX58,BrC4
DIRAS1,BrC4
DNAJB2,BrC4
DNAJC17,BrC4
DNAJC4,BrC4
DNTTIP1,BrC4
DOK4,BrC4
DOLPP1,BrC4
DRG2,BrC4
DSN1,BrC4
DTNBP1,BrC4
DTX2,BrC4
DUSP10,BrC4
DUT,BrC4
DVL1,BrC4
DVL2,BrC4
DXO,BrC4
DYRK1B,BrC4
EAPP,BrC4
EARS2,BrC4
EFL1,BrC4
EFS,BrC4
EHMT2,BrC4
EIF2D,BrC4
EMD,BrC4
ENDOV,BrC4
ENTPD8,BrC4
ERCC2,BrC4
EXO5,BrC4
EXOSC3,BrC4
FABP4,BrC4
FAHD2B,BrC4
FAM109A,BrC4
FAM127B,BrC4
FAM136A,BrC4
FAM161B,BrC4
FAM185A,BrC4
FAM213B,BrC4
FAM220A,BrC4
FAM227B,BrC4
FAM24B,BrC4
FAM3A,BrC4
FAM50B,BrC4
FAM86B1,BrC4
FANCF,BrC4
FBXL14,BrC4
FBXO16,BrC4
FBXO2,BrC4
FBXO44,BrC4
FDXR,BrC4
FIZ1,BrC4
FKBP4,BrC4
FKBP8,BrC4
FN3K,BrC4
FN3KRP,BrC4
FOXH1,BrC4
FOXO6,BrC4
FOXP3,BrC4
FOXRED1,BrC4
FUK,BrC4
FUZ,BrC4
FZD1,BrC4
FZR1,BrC4
GAA,BrC4
GAS8,BrC4
GBA,BrC4
GDF9,BrC4
GDPD1,BrC4
GFER,BrC4
GHDC,BrC4
GLS2,BrC4
GLTP,BrC4
GMPPA,BrC4
GMPPB,BrC4
GMPR2,BrC4
GNB1L,BrC4
GNPTG,BrC4
GOLPH3L,BrC4
GPANK1,BrC4
GPATCH3,BrC4
GPR108,BrC4
GRIK5,BrC4
GSS,BrC4
GSTA4,BrC4
GTF2B,BrC4
GTF2F2,BrC4
GTF2IRD1,BrC4
GUCY2D,BrC4
H1F0,BrC4
HAUS4,BrC4
HDAC11,BrC4
HDAC3,BrC4
HDAC5,BrC4
HESX1,BrC4
HEXIM2,BrC4
HINFP,BrC4
HIRIP3,BrC4
HKR1,BrC4
HMGN2,BrC4
HMGN3,BrC4
HNRNPC,BrC4
HOXB2,BrC4
HSF4,BrC4
IFT140,BrC4
IGFALS,BrC4
ILKAP,BrC4
IMMP2L,BrC4
ING4,BrC4
INHA,BrC4
INO80E,BrC4
INTS14,BrC4
INTS9,BrC4
IQCC,BrC4
IQCK,BrC4
IRF2BP1,BrC4
IRF2BP2,BrC4
ISYNA1,BrC4
ITGB3BP,BrC4
IVD,BrC4
KAT5,BrC4
KAT8,BrC4
KCNN1,BrC4
KDELR1,BrC4
KHK,BrC4
KIAA1683,BrC4
KIF22,BrC4
KIFC2,BrC4
KLC4,BrC4
KLHDC2,BrC4
KLHDC9,BrC4
KLHL32,BrC4
KPTN,BrC4
KYAT1,BrC4
LAYN,BrC4
LDLRAP1,BrC4
LDOC1,BrC4
LEKR1,BrC4
LENG1,BrC4
LINC00959,BrC4
LMNTD2,BrC4
LRPAP1,BrC4
LRRC14,BrC4
LRRC27,BrC4
LRRC37A3,BrC4
LRRC43,BrC4
LRRC45,BrC4
LRRC61,BrC4
LRRC75B,BrC4
LRRC8D,BrC4
LRTOMT,BrC4
LTA4H,BrC4
LYPD6,BrC4
LYRM9,BrC4
MAD1L1,BrC4
MAGEE1,BrC4
MAN1B1,BrC4
MARCKS,BrC4
MBOAT7,BrC4
MCM4,BrC4
MDH1B,BrC4
MED16,BrC4
MED20,BrC4
MED25,BrC4
MED29,BrC4
MED9,BrC4
MEF2B,BrC4
MEIS3,BrC4
METTL18,BrC4
METTL3,BrC4
MEX3D,BrC4
MIEF2,BrC4
MINDY1,BrC4
MIPEP,BrC4
MIS18A,BrC4
MISP3,BrC4
MITD1,BrC4
MLF2,BrC4
MLH1,BrC4
MLLT3,BrC4
MOK,BrC4
MORN1,BrC4
MORN4,BrC4
MPP2,BrC4
MPPE1,BrC4
MRI1,BrC4
MRM1,BrC4
MRPL49,BrC4
MRPS2,BrC4
MRPS26,BrC4
MST1,BrC4
MTA3,BrC4
MTFR1L,BrC4
MTG1,BrC4
MUS81,BrC4
MUTYH,BrC4
MYPOP,BrC4
NAIF1,BrC4
NAP1L2,BrC4
NAPSA,BrC4
NARS2,BrC4
NAXD,BrC4
NBPF1,BrC4
NBPF3,BrC4
NDRG3,BrC4
NDUFA10,BrC4
NDUFV1,BrC4
NEIL1,BrC4
NEK11,BrC4
NEK8,BrC4
NELFA,BrC4
NELFB,BrC4
NETO2,BrC4
NFKBIL1,BrC4
NFS1,BrC4
NFYC,BrC4
NGDN,BrC4
NIPSNAP1,BrC4
NIT1,BrC4
NMNAT3,BrC4
NOC4L,BrC4
NOL12,BrC4
NOL3,BrC4
NOXA1,BrC4
NPHP1,BrC4
NPRL2,BrC4
NPTN,BrC4
NRN1L,BrC4
NSMCE4A,BrC4
NTPCR,BrC4
NUDT17,BrC4
OARD1,BrC4
OGFOD2,BrC4
OGG1,BrC4
OMA1,BrC4
OPRL1,BrC4
ORAI3,BrC4
OSBP2,BrC4
OSER1,BrC4
OSGEP,BrC4
P2RX4,BrC4
P3H3,BrC4
P3H4,BrC4
P4HTM,BrC4
PAAF1,BrC4
PACRG,BrC4
PAF1,BrC4
PAFAH2,BrC4
PAGR1,BrC4
PAK1,BrC4
PAPSS1,BrC4
PAQR6,BrC4
PARD6G,BrC4
PARP10,BrC4
PARP16,BrC4
PARP3,BrC4
PBXIP1,BrC4
PCGF1,BrC4
PCGF2,BrC4
PCIF1,BrC4
PCSK4,BrC4
PCYOX1L,BrC4
PEX12,BrC4
PEX14,BrC4
PEX6,BrC4
PFN2,BrC4
PGAP2,BrC4
PGGHG,BrC4
PHF1,BrC4
PHKG2,BrC4
PICK1,BrC4
PIFO,BrC4
PIGH,BrC4
PIGO,BrC4
PIGU,BrC4
PIGV,BrC4
PILRB,BrC4
PLCD1,BrC4
PLCD4,BrC4
PLEKHG3,BrC4
PLEKHH3,BrC4
PMPCB,BrC4
PNPO,BrC4
POC5,BrC4
POLA2,BrC4
POLE2,BrC4
POLL,BrC4
POLR2H,BrC4
POMGNT1,BrC4
PPFIA3,BrC4
PPFIBP2,BrC4
PPIE,BrC4
PPIL3,BrC4
PPIL6,BrC4
PPOX,BrC4
PPP1R37,BrC4
PPP1R3F,BrC4
PPP2R3B,BrC4
PPP5D1,BrC4
PQBP1,BrC4
PRCC,BrC4
PRELID3A,BrC4
PRIM1,BrC4
PRKAR1B,BrC4
PRKCSH,BrC4
PRMT6,BrC4
PRMT7,BrC4
PRNP,BrC4
PRPF19,BrC4
PRPF31,BrC4
PRR22,BrC4
PRRT2,BrC4
PRUNE1,BrC4
PSRC1,BrC4
PTDSS2,BrC4
PTOV1,BrC4
PTPA,BrC4
PXYLP1,BrC4
PYCR1,BrC4
PYCR2,BrC4
QPRT,BrC4
QTRT1,BrC4
RAB11B,BrC4
RAB39B,BrC4
RAB40B,BrC4
RAB40C,BrC4
RAB8A,BrC4
RAB9A,BrC4
RABGGTA,BrC4
RAD51C,BrC4
RADIL,BrC4
RALY,BrC4
RBCK1,BrC4
RBM4,BrC4
RCE1,BrC4
RFC4,BrC4
RFX1,BrC4
RGL2,BrC4
RGS9,BrC4
RIBC1,BrC4
RING1,BrC4
RNASEH2A,BrC4
RNASEH2B,BrC4
RNASET2,BrC4
RND2,BrC4
RNF208,BrC4
RNF215,BrC4
RNPEP,BrC4
ROGDI,BrC4
RP9,BrC4
RPP30,BrC4
RRNAD1,BrC4
RSG1,BrC4
RWDD3,BrC4
SALL2,BrC4
SARS2,BrC4
SCNN1D,BrC4
SDR39U1,BrC4
SF3A2,BrC4
SFI1,BrC4
SFT2D1,BrC4
SGF29,BrC4
SGSM1,BrC4
SHF,BrC4
SIGIRR,BrC4
SIRT3,BrC4
SIRT4,BrC4
SIRT6,BrC4
SIRT7,BrC4
SIX5,BrC4
SLAIN1,BrC4
SLC12A9,BrC4
SLC16A13,BrC4
SLC16A4,BrC4
SLC20A2,BrC4
SLC22A17,BrC4
SLC25A26,BrC4
SLC25A45,BrC4
SLC35C2,BrC4
SLC35D2,BrC4
SLC37A4,BrC4
SLC41A3,BrC4
SLC7A6OS,BrC4
SMARCAL1,BrC4
SMIM10L2B,BrC4
SMIM8,BrC4
SMS,BrC4
SNAP47,BrC4
SNRNP35,BrC4
SNRNP40,BrC4
SNRPN,BrC4
SNX12,BrC4
SOX12,BrC4
SOX15,BrC4
SPACA9,BrC4
SPAG8,BrC4
SPATA20,BrC4
SPATA2L,BrC4
SPATA33,BrC4
SPEF1,BrC4
SPIN2B,BrC4
SPIRE2,BrC4
SPOUT1,BrC4
SPSB3,BrC4
SPTBN5,BrC4
SSH3,BrC4
STARD3,BrC4
STARD5,BrC4
STK19,BrC4
STK25,BrC4
STKLD1,BrC4
STMN3,BrC4
STPG2,BrC4
STX10,BrC4
STX11,BrC4
STX5,BrC4
SUGP1,BrC4
SYCE2,BrC4
SYNGR1,BrC4
TAB1,BrC4
TAF6,BrC4
TAMM41,BrC4
TAPBPL,BrC4
TARBP2,BrC4
TARS2,BrC4
TBC1D7,BrC4
TBL3,BrC4
TBX6,BrC4
TCEA2,BrC4
TCEA3,BrC4
TCEAL1,BrC4
TCEAL3,BrC4
TCEAL7,BrC4
TCEAL8,BrC4
TCF19,BrC4
TCTN2,BrC4
TDRKH,BrC4
TEFM,BrC4
TEKT2,BrC4
TELO2,BrC4
TEX22,BrC4
TFAP4,BrC4
TFB1M,BrC4
THAP10,BrC4
THNSL2,BrC4
THOC3,BrC4
THOC6,BrC4
THTPA,BrC4
TIGD6,BrC4
TIMM29,BrC4
TM9SF1,BrC4
TMED4,BrC4
TMEM107,BrC4
TMEM128,BrC4
TMEM132A,BrC4
TMEM14A,BrC4
TMEM159,BrC4
TMEM161A,BrC4
TMEM175,BrC4
TMEM18,BrC4
TMEM200C,BrC4
TMEM231,BrC4
TMEM234,BrC4
TMEM242,BrC4
TMEM42,BrC4
TMEM51,BrC4
TMEM55B,BrC4
TMEM79,BrC4
TMEM80,BrC4
TMEM8B,BrC4
TMEM91,BrC4
TMEM98,BrC4
TMLHE,BrC4
TMUB2,BrC4
TNK2,BrC4
TOLLIP,BrC4
TOMM34,BrC4
TOR2A,BrC4
TOR3A,BrC4
TOX3,BrC4
TPBG,BrC4
TPM1,BrC4
TPMT,BrC4
TPRA1,BrC4
TRAIP,BrC4
TRAPPC12,BrC4
TRAPPC9,BrC4
TRIM28,BrC4
TRIM34,BrC4
TRIM6,BrC4
TRIM74,BrC4
TRIP6,BrC4
TRMT44,BrC4
TRPM4,BrC4
TSC22D4,BrC4
TSEN54,BrC4
TSNARE1,BrC4
TSNAXIP1,BrC4
TSPAN10,BrC4
TSPOAP1,BrC4
TTC12,BrC4
TTC19,BrC4
TTC30B,BrC4
TTC4,BrC4
TTC5,BrC4
UBAC1,BrC4
UBAC2,BrC4
UBTF,BrC4
UBXN10,BrC4
UCN2,BrC4
UFSP2,BrC4
UNC119,BrC4
UNC45A,BrC4
UNK,BrC4
USP21,BrC4
VAMP2,BrC4
VILL,BrC4
VIPAS39,BrC4
VMAC,BrC4
VPS37C,BrC4
VRK3,BrC4
VWA5A,BrC4
VWA7,BrC4
WBP1,BrC4
WDR24,BrC4
WDR73,BrC4
WDR78,BrC4
WDR83,BrC4
WDR97,BrC4
WDSUB1,BrC4
WRAP53,BrC4
WRB,BrC4
WRNIP1,BrC4
WWOX,BrC4
WWP2,BrC4
XAB2,BrC4
XKR8,BrC4
XRCC1,BrC4
YIPF3,BrC4
ZBTB22,BrC4
ZBTB45,BrC4
ZBTB48,BrC4
ZCWPW1,BrC4
ZDHHC1,BrC4
ZFAND2B,BrC4
ZFP64,BrC4
ZFYVE19,BrC4
ZGLP1,BrC4
ZNF16,BrC4
ZNF174,BrC4
ZNF180,BrC4
ZNF20,BrC4
ZNF205,BrC4
ZNF213,BrC4
ZNF282,BrC4
ZNF30,BrC4
ZNF329,BrC4
ZNF346,BrC4
ZNF385C,BrC4
ZNF394,BrC4
ZNF408,BrC4
ZNF415,BrC4
ZNF416,BrC4
ZNF443,BrC4
ZNF444,BrC4
ZNF446,BrC4
ZNF48,BrC4
ZNF530,BrC4
ZNF554,BrC4
ZNF563,BrC4
ZNF564,BrC4
ZNF57,BrC4
ZNF574,BrC4
ZNF576,BrC4
ZNF599,BrC4
ZNF610,BrC4
ZNF627,BrC4
ZNF628,BrC4
ZNF653,BrC4
ZNF672,BrC4
ZNF688,BrC4
ZNF692,BrC4
ZNF768,BrC4
ZNF77,BrC4
ZNF775,BrC4
ZNF777,BrC4
ZNF784,BrC4
ZNF786,BrC4
ZNF821,BrC4
ZNF830,BrC4
ZNF837,BrC4
ZNF843,BrC4
ZNF844,BrC4
ZNF853,BrC4
ZSCAN18,BrC4
ZSCAN21,BrC4
ZSWIM5,BrC4
ZSWIM7,BrC4
AACS,BrC8
ABCD1,BrC8
ABCD2,BrC8
ABHD15,BrC8
ABHD5,BrC8
ACAA2,BrC8
ACACB,BrC8
ACADS,BrC8
ACAT1,BrC8
ACER3,BrC8
ACO1,BrC8
ACO2,BrC8
ACOT2,BrC8
ACOX1,BrC8
ACSL1,BrC8
ACSM5,BrC8
ACSS2,BrC8
ACSS3,BrC8
ACVR1C,BrC8
ADCY5,BrC8
ADH1B,BrC8
ADIPOQ,BrC8
ADRA1A,BrC8
AGPAT2,BrC8
AIFM2,BrC8
AKR1C2,BrC8
ALDH1L1,BrC8
ALDH2,BrC8
ALDH4A1,BrC8
ALDH6A1,BrC8
ALPK3,BrC8
ANKEF1,BrC8
ANKRD40,BrC8
ANKRD53,BrC8
ANTXR2,BrC8
ANXA5,BrC8
ANXA6,BrC8
AOC2,BrC8
AOC3,BrC8
AP1M1,BrC8
APBB1IP,BrC8
APMAP,BrC8
APOB,BrC8
APOL6,BrC8
APOPT1,BrC8
AQP7,BrC8
ASPH,BrC8
ASS1,BrC8
ATP5B,BrC8
ATP5G3,BrC8
ATP9A,BrC8
ATPAF1,BrC8
BANK1,BrC8
BCAP31,BrC8
BCL7B,BrC8
BHMT2,BrC8
BNIP3L,BrC8
BOK,BrC8
BTBD6,BrC8
BTD,BrC8
C14orf180,BrC8
C19orf12,BrC8
C1QTNF1,BrC8
C20orf27,BrC8
C2CD2,BrC8
C6orf106,BrC8
CABLES1,BrC8
CALB2,BrC8
CAMK1,BrC8
CAT,BrC8
CCDC107,BrC8
CCDC69,BrC8
CCDC92,BrC8
CD151,BrC8
CD248,BrC8
CD99L2,BrC8
CDKN2B,BrC8
CDO1,BrC8
CEBPA,BrC8
CES1,BrC8
CHCHD10,BrC8
CHP1,BrC8
CIDEA,BrC8
CIDEC,BrC8
CKB,BrC8
CLMP,BrC8
CNTFR,BrC8
COQ8A,BrC8
COX14,BrC8
CPM,BrC8
CRAT,BrC8
CRK,BrC8
CRLS1,BrC8
CS,BrC8
CSPG4,BrC8
CTIF,BrC8
CYB5A,BrC8
DECR1,BrC8
DGAT1,BrC8
DGAT2,BrC8
DHDDS,BrC8
DHRS3,BrC8
DLAT,BrC8
DLD,BrC8
DNAH9,BrC8
DOCK11,BrC8
DOK1,BrC8
DTX1,BrC8
ECHDC1,BrC8
ECHDC3,BrC8
ECHS1,BrC8
EHHADH,BrC8
EIF4EBP1,BrC8
EIF4EBP2,BrC8
EMC3,BrC8
EPB41L4B,BrC8
EPB42,BrC8
EPDR1,BrC8
ESYT1,BrC8
ETFA,BrC8
ETFB,BrC8
ETFDH,BrC8
FADS3,BrC8
FAH,BrC8
FAM134B,BrC8
FAM166B,BrC8
FAM213A,BrC8
FAM228A,BrC8
FAM234A,BrC8
FAM89A,BrC8
FASN,BrC8
FBXO27,BrC8
FBXW5,BrC8
FFAR4,BrC8
FGFRL1,BrC8
FH,BrC8
FHL1,BrC8
FITM2,BrC8
FKBP5,BrC8
FNDC4,BrC8
FOXO1,BrC8
FRMD4A,BrC8
FZD4,BrC8
FZD5,BrC8
GABRE,BrC8
GBE1,BrC8
GCHFR,BrC8
GDPD5,BrC8
GFPT1,BrC8
GGCT,BrC8
GHR,BrC8
GINS3,BrC8
GLUL,BrC8
GNAI1,BrC8
GNG2,BrC8
GPAM,BrC8
GPATCH11,BrC8
GPBAR1,BrC8
GPC6,BrC8
GPD1,BrC8
GPD1L,BrC8
GPI,BrC8
GPR153,BrC8
GPR180,BrC8
GPT,BrC8
GPT2,BrC8
GPX1,BrC8
GPX3,BrC8
GPX4,BrC8
GRINA,BrC8
GRK3,BrC8
GTDC1,BrC8
GUCD1,BrC8
GYG2,BrC8
GYS1,BrC8
HACD1,BrC8
HACD2,BrC8
HADH,BrC8
HCAR2,BrC8
HEBP2,BrC8
HEPACAM,BrC8
HMOX2,BrC8
HOGA1,BrC8
HOXA10,BrC8
HOXB8,BrC8
HRASLS5,BrC8
HSD17B4,BrC8
HSDL2,BrC8
HSPA12A,BrC8
HSPB7,BrC8
IDH1,BrC8
IMPDH1,BrC8
INPP5K,BrC8
IRF8,BrC8
ITGA7,BrC8
ITGB1BP1,BrC8
ITIH5,BrC8
ITPK1,BrC8
ITSN1,BrC8
KCNB1,BrC8
KCNIP2,BrC8
KIAA1161,BrC8
KIF1C,BrC8
KLB,BrC8
KLF14,BrC8
KLF15,BrC8
KLHDC8B,BrC8
KLHL31,BrC8
KLLN,BrC8
LDHB,BrC8
LDHD,BrC8
LEP,BrC8
LETM1,BrC8
LGALS12,BrC8
LIPE,BrC8
LPIN1,BrC8
LPL,BrC8
LVRN,BrC8
MAOA,BrC8
MAPK10,BrC8
MARC1,BrC8
MARCH2,BrC8
MCCC1,BrC8
MDFIC,BrC8
MDH1,BrC8
ME1,BrC8
MEST,BrC8
MGAT3,BrC8
MGST1,BrC8
MIEF1,BrC8
MLEC,BrC8
MLX,BrC8
MLXIPL,BrC8
MLYCD,BrC8
MMD,BrC8
MMP15,BrC8
MOGAT1,BrC8
MPST,BrC8
MRAP,BrC8
MRAS,BrC8
MRPL46,BrC8
MTCH2,BrC8
MTHFD1,BrC8
MTURN,BrC8
MXD4,BrC8
MYCBP2,BrC8
MYO16,BrC8
MYO1C,BrC8
MYZAP,BrC8
NACC2,BrC8
NADK,BrC8
NAT8L,BrC8
NMB,BrC8
NMT2,BrC8
NNT,BrC8
NPR1,BrC8
NQO2,BrC8
NSDHL,BrC8
NWD2,BrC8
NXNL1,BrC8
OPTN,BrC8
ORMDL3,BrC8
OXCT1,BrC8
PALM,BrC8
PARVA,BrC8
PC,BrC8
PCCA,BrC8
PCK1,BrC8
PCK2,BrC8
PCOLCE2,BrC8
PCYT2,BrC8
PDE3B,BrC8
PDE8B,BrC8
PDHA1,BrC8
PDP2,BrC8
PDXK,BrC8
PDZD2,BrC8
PECR,BrC8
PEMT,BrC8
PEX11A,BrC8
PEX19,BrC8
PFKFB1,BrC8
PFKFB3,BrC8
PGD,BrC8
PGM1,BrC8
PGM3,BrC8
PHLDA3,BrC8
PHLDB1,BrC8
PHYH,BrC8
PJA1,BrC8
PLA2G16,BrC8
PLEKHG6,BrC8
PLIN1,BrC8
PLIN4,BrC8
PLIN5,BrC8
PLOD2,BrC8
PLXNA4,BrC8
PMM1,BrC8
PNPLA2,BrC8
POLR2E,BrC8
POLR2L,BrC8
POR,BrC8
PPARA,BrC8
PPARG,BrC8
PPARGC1B,BrC8
PPP1R1A,BrC8
PPP2R1B,BrC8
PQLC1,BrC8
PQLC2L,BrC8
PRDX6,BrC8
PRKAR2B,BrC8
PRKCD,BrC8
PRRT4,BrC8
PSMA7,BrC8
PSMD8,BrC8
PTEN,BrC8
PTGER3,BrC8
PTPRG,BrC8
PTPRS,BrC8
PXDN,BrC8
PXMP2,BrC8
PYGL,BrC8
QDPR,BrC8
RASL10B,BrC8
RASSF4,BrC8
RBP4,BrC8
RCL1,BrC8
RDH5,BrC8
RETSAT,BrC8
RGS3,BrC8
RHOQ,BrC8
RIDA,BrC8
RMDN3,BrC8
RNF157,BrC8
RNPEPL1,BrC8
ROCK2,BrC8
RRAGC,BrC8
RTN3,BrC8
RTN4,BrC8
RXRA,BrC8
S100B,BrC8
SAR1A,BrC8
SCD,BrC8
SCRN2,BrC8
SEPT11,BrC8
SGCG,BrC8
SGK2,BrC8
SH3GLB1,BrC8
SH3KBP1,BrC8
SHMT1,BrC8
SIK2,BrC8
SIX1,BrC8
SLC16A7,BrC8
SLC19A3,BrC8
SLC1A3,BrC8
SLC25A1,BrC8
SLC25A10,BrC8
SLC25A16,BrC8
SLC25A20,BrC8
SLC25A51,BrC8
SLC29A4,BrC8
SLC2A4,BrC8
SLC35C1,BrC8
SLC4A4,BrC8
SLC6A8,BrC8
SLC7A10,BrC8
SLC7A6,BrC8
SMIM3,BrC8
SNN,BrC8
SNTA1,BrC8
SNX8,BrC8
SORBS1,BrC8
SORT1,BrC8
SPON1,BrC8
SSC4D,BrC8
ST6GALNAC6,BrC8
STAT5A,BrC8
STBD1,BrC8
STK39,BrC8
STON1,BrC8
STOX1,BrC8
STRADB,BrC8
SUCLG1,BrC8
SYNE3,BrC8
TALDO1,BrC8
TBC1D16,BrC8
TEAD1,BrC8
TENM3,BrC8
TESK1,BrC8
TFE3,BrC8
TIMP4,BrC8
TJP2,BrC8
TKT,BrC8
TLCD2,BrC8
TLN2,BrC8
TM7SF2,BrC8
TMBIM1,BrC8
TMEM120A,BrC8
TMEM132C,BrC8
TMEM164,BrC8
TMEM53,BrC8
TNFAIP8,BrC8
TNIP1,BrC8
TP53I13,BrC8
TRHDE,BrC8
TRIM61,BrC8
TSKU,BrC8
TSPAN3,BrC8
TSPO,BrC8
TST,BrC8
TTC38,BrC8
TUBB6,BrC8
TUSC5,BrC8
TYRO3,BrC8
UGP2,BrC8
VEGFB,BrC8
VKORC1L1,BrC8
VTI1B,BrC8
WASF3,BrC8
WSB2,BrC8
YWHAG,BrC8
ZBED3,BrC8
ZDHHC18,BrC8
ZDHHC3,BrC8
AAGAB,BrC12
ABAT,BrC12
ABCC8,BrC12
ABCD3,BrC12
ACADSB,BrC12
ADAMTS17,BrC12
AFF3,BrC12
AK7,BrC12
AKR7L,BrC12
ALCAM,BrC12
ALOX15B,BrC12
AMFR,BrC12
AMMECR1,BrC12
ANKDD1B,BrC12
ANKRD30A,BrC12
ANKRD30B,BrC12
ANKS1B,BrC12
APLP2,BrC12
AQP11,BrC12
AR,BrC12
ARFGEF3,BrC12
ARHGAP40,BrC12
ARMT1,BrC12
ARSG,BrC12
ASB13,BrC12
ATAD2,BrC12
ATG16L1,BrC12
ATP2C2,BrC12
ATP7A,BrC12
BCAS1,BrC12
BEND7,BrC12
BMP2K,BrC12
BRI3BP,BrC12
C16orf70,BrC12
C19orf18,BrC12
C1orf21,BrC12
C2orf72,BrC12
C3orf52,BrC12
CA14,BrC12
CA8,BrC12
CACNA1D,BrC12
CACNG4,BrC12
CAPN9,BrC12
CASZ1,BrC12
CBLL1,BrC12
CBWD3,BrC12
CBWD5,BrC12
CBWD7,BrC12
CBX3,BrC12
CCDC125,BrC12
CCDC149,BrC12
CCDC170,BrC12
CCDC183,BrC12
CCDC88C,BrC12
CDC14A,BrC12
CDK5RAP2,BrC12
CECR2,BrC12
CELSR1,BrC12
CHAD,BrC12
CLCNKA,BrC12
CMTR2,BrC12
CNTD1,BrC12
CROT,BrC12
CTNND2,BrC12
CUX2,BrC12
CXXC4,BrC12
CXorf40B,BrC12
CYSRT1,BrC12
DGKD,BrC12
DHCR24,BrC12
DHRS2,BrC12
DLGAP1,BrC12
DNAH14,BrC12
DNAH5,BrC12
DNAI1,BrC12
DNALI1,BrC12
DNMT3B,BrC12
DUSP16,BrC12
DUSP4,BrC12
EFCC1,BrC12
EFHD1,BrC12
EIF2AK1,BrC12
ELOVL2,BrC12
ENTPD5,BrC12
ERBB4,BrC12
ERI2,BrC12
ERICH3,BrC12
ERMP1,BrC12
ERP27,BrC12
ESR1,BrC12
FAM129A,BrC12
FAM196A,BrC12
FAM221B,BrC12
FAM234B,BrC12
FAM47E,BrC12
FDXACB1,BrC12
FER1L5,BrC12
FGFR3,BrC12
FGFR4,BrC12
FLNB,BrC12
FMO5,BrC12
FOXA1,BrC12
FSIP1,BrC12
FSTL4,BrC12
GALNT6,BrC12
GALNT7,BrC12
GALNTL6,BrC12
GBAS,BrC12
GCSAM,BrC12
GFRA1,BrC12
GLDC,BrC12
GLUD1,BrC12
GOLM1,BrC12
GPR39,BrC12
GREB1,BrC12
GRIK1,BrC12
GRIK4,BrC12
GRIN1,BrC12
HACD3,BrC12
HCAR1,BrC12
HHAT,BrC12
HMGXB3,BrC12
HSDL1,BrC12
ICA1,BrC12
IGDCC3,BrC12
IGSF21,BrC12
INPP4B,BrC12
INPP5J,BrC12
IQCH,BrC12
ITIH6,BrC12
ITPR1,BrC12
JADE3,BrC12
KCNJ11,BrC12
KCTD6,BrC12
KDM4B,BrC12
KIAA0319L,BrC12
KIAA1257,BrC12
KIF12,BrC12
KIF16B,BrC12
KIFC1,BrC12
KLHDC7A,BrC12
LNX2,BrC12
LRBA,BrC12
LRIT3,BrC12
LYPLA1,BrC12
MAGI3,BrC12
MANSC1,BrC12
MAPT,BrC12
MARCH8,BrC12
MBOAT1,BrC12
MBOAT2,BrC12
MCMDC2,BrC12
MEGF9,BrC12
MEI4,BrC12
MICALCL,BrC12
MICB,BrC12
MLPH,BrC12
MPIG6B,BrC12
MPP7,BrC12
MSX2,BrC12
MYB,BrC12
MYBPC1,BrC12
MYRFL,BrC12
NCAM2,BrC12
NCBP2L,BrC12
NEK10,BrC12
NFE2L3,BrC12
NLRP13,BrC12
NPNT,BrC12
NR2E3,BrC12
NRIP3,BrC12
NT5DC1,BrC12
NUCB2,BrC12
NUDT12,BrC12
NXT2,BrC12
OSBPL6,BrC12
PDZK1,BrC12
PGLYRP2,BrC12
PGR,BrC12
PI15,BrC12
PIGX,BrC12
PIP,BrC12
PLA2G12A,BrC12
PLAG1,BrC12
PLEKHD1,BrC12
PON2,BrC12
PPM1H,BrC12
PREX1,BrC12
PRKAA2,BrC12
PRLR,BrC12
PROB1,BrC12
PSD4,BrC12
PTPRJ,BrC12
RAB11FIP4,BrC12
RAB27B,BrC12
RAB3B,BrC12
RAB6C,BrC12
RABEP1,BrC12
RALGPS2,BrC12
RANBP3L,BrC12
RAPH1,BrC12
RASEF,BrC12
REEP5,BrC12
RERG,BrC12
RNF224,BrC12
RPS6KA3,BrC12
RRH,BrC12
RUNDC1,BrC12
RYR2,BrC12
SAXO2,BrC12
SC5D,BrC12
SEC14L2,BrC12
SEC22C,BrC12
SEPT6,BrC12
SGK3,BrC12
SH3BGRL,BrC12
SHISA9,BrC12
SIDT1,BrC12
SIPA1L3,BrC12
SLC1A4,BrC12
SLC25A15,BrC12
SLC2A10,BrC12
SLC34A3,BrC12
SLC38A1,BrC12
SLC38A7,BrC12
SLC44A1,BrC12
SLC4A8,BrC12
SLC52A3,BrC12
SLC9A2,BrC12
SMARCA1,BrC12
SMIM14,BrC12
SNX24,BrC12
SNX25,BrC12
SORD,BrC12
ST8SIA6,BrC12
STARD13,BrC12
STC2,BrC12
STIM2,BrC12
STK32B,BrC12
STMND1,BrC12
SYCP2,BrC12
SYNPO2L,BrC12
SYT17,BrC12
SYT9,BrC12
TBC1D30,BrC12
TBC1D9,BrC12
TBX3,BrC12
TDRD5,BrC12
TESMIN,BrC12
TFAP2B,BrC12
THSD4,BrC12
TINCR,BrC12
TMEM150C,BrC12
TMEM26,BrC12
TMEM45B,BrC12
TMEM62,BrC12
TMEM63C,BrC12
TMEM87B,BrC12
TPD52,BrC12
TPSG1,BrC12
TRIM3,BrC12
TRIM36,BrC12
TSPAN5,BrC12
TTC6,BrC12
TTC8,BrC12
TTLL9,BrC12
UBP1,BrC12
UNC5A,BrC12
VWA8,BrC12
WNK4,BrC12
XK,BrC12
ZKSCAN1,BrC12
ZNF273,BrC12
ZNF350,BrC12
ZNF486,BrC12
ZNF613,BrC12
ZNF652,BrC12
ZNF689,BrC12
ZNF92,BrC12
ZNF99,BrC12
AAR2,BrC21
AGAP1,BrC21
AP5M1,BrC21
ARHGAP35,BrC21
ARIH2,BrC21
ASB1,BrC21
ASB7,BrC21
ASB8,BrC21
ATG13,BrC21
ATG9A,BrC21
BACE1,BrC21
BRCC3,BrC21
C12orf49,BrC21
C6orf89,BrC21
CBX6,BrC21
CHAMP1,BrC21
CHPF2,BrC21
CLCN3,BrC21
CLPX,BrC21
CNOT11,BrC21
COG2,BrC21
CRKL,BrC21
CTDSP2,BrC21
CUL3,BrC21
CYB561D1,BrC21
DCLRE1A,BrC21
DCTN5,BrC21
DDB1,BrC21
DDX52,BrC21
DHX8,BrC21
DNAJC14,BrC21
DSTYK,BrC21
EIF1AD,BrC21
FAF2,BrC21
FAM168A,BrC21
FAM168B,BrC21
FASTKD3,BrC21
FBXL18,BrC21
FBXO25,BrC21
FBXO9,BrC21
GCC1,BrC21
GLG1,BrC21
GOLGA5,BrC21
GOSR1,BrC21
GPN2,BrC21
GPR107,BrC21
GTF3C4,BrC21
HERC2,BrC21
HIF1AN,BrC21
HLCS,BrC21
HNRNPUL2,BrC21
HPS6,BrC21
IP6K1,BrC21
IPO9,BrC21
JRK,BrC21
KCTD18,BrC21
KIAA0100,BrC21
KLHDC10,BrC21
LDOC1L,BrC21
MAVS,BrC21
MBTPS1,BrC21
MIOS,BrC21
MKRN1,BrC21
MOAP1,BrC21
MON1B,BrC21
MTF1,BrC21
MTIF2,BrC21
MTOR,BrC21
NDST1,BrC21
NEU3,BrC21
NF2,BrC21
NFIC,BrC21
NSD1,BrC21
PALB2,BrC21
PCBD2,BrC21
PDPK1,BrC21
PEX26,BrC21
PLAGL2,BrC21
POFUT1,BrC21
POLR2B,BrC21
PPP1R8,BrC21
PRR14L,BrC21
PSMD5,BrC21
RAB43,BrC21
RANBP6,BrC21
RBM15B,BrC21
RGP1,BrC21
RNF26,BrC21
RPTOR,BrC21
SAP30L,BrC21
SBNO1,BrC21
SETD1B,BrC21
SGPL1,BrC21
SLC35E1,BrC21
SLC39A9,BrC21
SMCR8,BrC21
SOCS7,BrC21
SUPT16H,BrC21
TADA2B,BrC21
TBC1D14,BrC21
TFIP11,BrC21
TGFBRAP1,BrC21
TGOLN2,BrC21
THRAP3,BrC21
TMCO3,BrC21
TMEM127,BrC21
TRIM56,BrC21
TSPYL1,BrC21
UBE4B,BrC21
UBN1,BrC21
UNC119B,BrC21
USP22,BrC21
VAPB,BrC21
WASF2,BrC21
WIPI2,BrC21
YY1,BrC21
ZBTB24,BrC21
ZBTB39,BrC21
ZHX3,BrC21
ZKSCAN2,BrC21
ZNF287,BrC21
ZNF629,BrC21
ZNF740,BrC21
ZNF778,BrC21
ZSCAN29,BrC21
AARD,BrC7
ABHD11,BrC7
ABHD17C,BrC7
ACSL3,BrC7
ACTR3C,BrC7
AFAP1L1,BrC7
AGRN,BrC7
AIM1,BrC7
AK5,BrC7
ALDH7A1,BrC7
ALOXE3,BrC7
ANK3,BrC7
ANKK1,BrC7
ANO9,BrC7
AP1G2,BrC7
AP1M2,BrC7
APP,BrC7
ARHGEF19,BrC7
ARHGEF35,BrC7
ARHGEF38,BrC7
ARHGEF5,BrC7
ARSD,BrC7
ARVCF,BrC7
ATAD3C,BrC7
ATAT1,BrC7
ATL1,BrC7
ATP1B1,BrC7
AUTS2,BrC7
B4GALNT3,BrC7
BAIAP2L1,BrC7
BAMBI,BrC7
BARX2,BrC7
BCL11B,BrC7
BCL7A,BrC7
BEX2,BrC7
BICDL1,BrC7
BICDL2,BrC7
BSPRY,BrC7
C10orf35,BrC7
C11orf52,BrC7
C11orf80,BrC7
C15orf62,BrC7
C17orf107,BrC7
C1orf226,BrC7
C1orf74,BrC7
C2CD4D,BrC7
C2orf15,BrC7
C2orf16,BrC7
C6orf132,BrC7
CA13,BrC7
CADM4,BrC7
CAMSAP3,BrC7
CAPN1,BrC7
CBLC,BrC7
CCDC120,BrC7
CCDC160,BrC7
CCDC189,BrC7
CCDC6,BrC7
CCNG2,BrC7
CCNO,BrC7
CD24,BrC7
CD36,BrC7
CD82,BrC7
CDC42BPG,BrC7
CDCP1,BrC7
CDH1,BrC7
CDS1,BrC7
CELSR2,BrC7
CGN,BrC7
CHAF1B,BrC7
CHKA,BrC7
CHMP4C,BrC7
CKMT1A,BrC7
CKMT1B,BrC7
CLDN12,BrC7
CLDN3,BrC7
CLDN4,BrC7
CLDN7,BrC7
CNKSR1,BrC7
CNNM4,BrC7
CRB3,BrC7
CXADR,BrC7
CYP39A1,BrC7
CYTH2,BrC7
D2HGDH,BrC7
DCAKD,BrC7
DCST1,BrC7
DCST2,BrC7
DDR1,BrC7
DEPDC4,BrC7
DLG3,BrC7
DLG5,BrC7
DMKN,BrC7
DSP,BrC7
DST,BrC7
DUOX1,BrC7
DUOXA1,BrC7
EFNA1,BrC7
EFNA3,BrC7
EFNB3,BrC7
ELF3,BrC7
ELL3,BrC7
ELMO3,BrC7
EML2,BrC7
EPAS1,BrC7
EPHA1,BrC7
EPHA10,BrC7
EPPK1,BrC7
EPS8L1,BrC7
EPS8L2,BrC7
ERVMER34-1,BrC7
ESRP1,BrC7
ESRRG,BrC7
ETHE1,BrC7
EVPL,BrC7
EXPH5,BrC7
EZR,BrC7
F11R,BrC7
FAAH2,BrC7
FAM110C,BrC7
FAM160A1,BrC7
FAM189A2,BrC7
FAM222A,BrC7
FAM227A,BrC7
FAM3B,BrC7
FAM46C,BrC7
FAM83B,BrC7
FAM83E,BrC7
FAM83H,BrC7
FAM83H-AS1,BrC7
FAM84A,BrC7
FAXC,BrC7
FBXL16,BrC7
FBXO32,BrC7
FGFR2,BrC7
FGGY,BrC7
FHIT,BrC7
FOXN1,BrC7
FOXP4,BrC7
FRAT2,BrC7
FSCN2,BrC7
FXYD3,BrC7
FZD3,BrC7
GALE,BrC7
GALNT3,BrC7
GCNT2,BrC7
GGT6,BrC7
GLB1L2,BrC7
GPM6B,BrC7
GPR143,BrC7
GPR27,BrC7
GPR87,BrC7
GPRC5C,BrC7
GPRIN2,BrC7
GRAMD1C,BrC7
GRB7,BrC7
GRHL1,BrC7
GRHL2,BrC7
GRHL3,BrC7
GRID2IP,BrC7
GRIP1,BrC7
GSTO2,BrC7
GYPC,BrC7
H2AFY2,BrC7
H3F3B,BrC7
HDHD3,BrC7
HIVEP3,BrC7
HOMER2,BrC7
HOOK1,BrC7
HOXB7,BrC7
HS6ST1,BrC7
HSBP1L1,BrC7
HSPB6,BrC7
IFNLR1,BrC7
IGSF3,BrC7
IGSF9,BrC7
IL11,BrC7
IL1RL2,BrC7
IL34,BrC7
ILDR1,BrC7
IQCG,BrC7
IQGAP2,BrC7
IRF6,BrC7
IRX2,BrC7
IRX4,BrC7
ITGA2,BrC7
ITGB4,BrC7
ITGB6,BrC7
ITGB8,BrC7
JMJD4,BrC7
JUP,BrC7
KCNH8,BrC7
KCNK1,BrC7
KCNS3,BrC7
KCTD1,BrC7
KDF1,BrC7
KIAA0895,BrC7
KIAA1324,BrC7
KIAA1456,BrC7
KIAA1522,BrC7
KLC3,BrC7
KRT18,BrC7
KRT19,BrC7
KRT23,BrC7
KRT7,BrC7
KRT8,BrC7
KRT80,BrC7
KRT86,BrC7
KRTCAP3,BrC7
LAMA3,BrC7
LARGE2,BrC7
LIMK2,BrC7
LIPH,BrC7
LLGL2,BrC7
LMTK3,BrC7
LMX1B,BrC7
LRAT,BrC7
LRP2,BrC7
LRRC8E,BrC7
LSR,BrC7
LY75,BrC7
LYPD6B,BrC7
MACC1,BrC7
MAL2,BrC7
MAP3K9,BrC7
MAP7,BrC7
MAPK13,BrC7
MAPK15,BrC7
MARK2,BrC7
MARVELD2,BrC7
MCTP2,BrC7
MFSD6L,BrC7
MGLL,BrC7
MGME1,BrC7
MGST3,BrC7
MMP24,BrC7
MPZL3,BrC7
MST1R,BrC7
MTHFD2L,BrC7
MYCL,BrC7
MYO5B,BrC7
NAV2,BrC7
NEBL,BrC7
NECTIN4,BrC7
NEDD4L,BrC7
NIPAL3,BrC7
NLRP2,BrC7
NOS1AP,BrC7
NTN4,BrC7
NUP210,BrC7
NUP62CL,BrC7
OAT,BrC7
OBSCN,BrC7
OCLN,BrC7
OR2A7,BrC7
OVOL2,BrC7
PABPC1L,BrC7
PACSIN3,BrC7
PAK6,BrC7
PALMD,BrC7
PANX2,BrC7
PARVB,BrC7
PATJ,BrC7
PDCD4,BrC7
PDE6B,BrC7
PDLIM4,BrC7
PEG10,BrC7
PERP,BrC7
PHLDB3,BrC7
PIK3C2G,BrC7
PIP5KL1,BrC7
PKP3,BrC7
PLA2R1,BrC7
PLEK2,BrC7
PLEKHA6,BrC7
PLEKHH1,BrC7
PLEKHN1,BrC7
PLPP5,BrC7
PLS1,BrC7
PLXNB2,BrC7
PODXL2,BrC7
POF1B,BrC7
POU2F3,BrC7
PPP1R13L,BrC7
PRKCZ,BrC7
PROM2,BrC7
PROSER2,BrC7
PRR15L,BrC7
PRRG2,BrC7
PRRG4,BrC7
PRSS16,BrC7
PRSS22,BrC7
PTK6,BrC7
PTK7,BrC7
PTPRK,BrC7
PTPRZ1,BrC7
QSOX1,BrC7
RAB11FIP1,BrC7
RAB15,BrC7
RAB17,BrC7
RAB25,BrC7
RAB26,BrC7
RAB3IP,BrC7
RAD51B,BrC7
RAI1,BrC7
RAP1GAP,BrC7
RASGEF1A,BrC7
RASSF7,BrC7
RBBP8NL,BrC7
RBM47,BrC7
RCAN3,BrC7
RDH13,BrC7
RHPN2,BrC7
RIC3,BrC7
RIPK4,BrC7
RNF128,BrC7
RNF39,BrC7
RNF43,BrC7
RORC,BrC7
RSPH1,BrC7
RTKN,BrC7
S100A14,BrC7
SAPCD2,BrC7
SBK1,BrC7
SCAMP4,BrC7
SCNN1A,BrC7
SCPEP1,BrC7
SDC4,BrC7
SDR42E1,BrC7
SEC23B,BrC7
SEMA4A,BrC7
SFN,BrC7
SGPP2,BrC7
SH2D3A,BrC7
SH3BGR,BrC7
SH3YL1,BrC7
SHANK2,BrC7
SHROOM3,BrC7
SIX4,BrC7
SKAP1,BrC7
SLC12A8,BrC7
SLC16A11,BrC7
SLC25A29,BrC7
SLC2A11,BrC7
SLC2A12,BrC7
SLC35B2,BrC7
SLC52A1,BrC7
SLC9A1,BrC7
SLC9A7,BrC7
SMIM22,BrC7
SORL1,BrC7
SOWAHB,BrC7
SOX9,BrC7
SPINT1,BrC7
SPINT2,BrC7
SPRYD4,BrC7
SPTBN2,BrC7
SRCIN1,BrC7
SRGAP3,BrC7
ST14,BrC7
ST6GALNAC5,BrC7
STAP2,BrC7
STK26,BrC7
STRBP,BrC7
STXBP2,BrC7
SUSD4,BrC7
SYNE4,BrC7
SYNJ2,BrC7
SYNM,BrC7
SYTL1,BrC7
TACSTD2,BrC7
TC2N,BrC7
TCAF2,BrC7
TES,BrC7
TGM1,BrC7
THEM5,BrC7
TIFA,BrC7
TJP3,BrC7
TMC4,BrC7
TMCO4,BrC7
TMEM106C,BrC7
TMEM139,BrC7
TMEM154,BrC7
TMEM177,BrC7
TMEM229B,BrC7
TMEM238,BrC7
TMEM265,BrC7
TMEM27,BrC7
TMEM30B,BrC7
TMEM40,BrC7
TMEM87A,BrC7
TMPRSS13,BrC7
TNK1,BrC7
TNS4,BrC7
TOM1L1,BrC7
TRAF4,BrC7
TRIM11,BrC7
TRIM17,BrC7
TRIM46,BrC7
TRPV4,BrC7
TRPV6,BrC7
TTC22,BrC7
TTC9,BrC7
TUFT1,BrC7
USP43,BrC7
VANGL2,BrC7
VAV3,BrC7
VWDE,BrC7
WDR31,BrC7
WEE1,BrC7
WFDC2,BrC7
WHRN,BrC7
WIPF3,BrC7
WNT3,BrC7
WWC1,BrC7
XKR6,BrC7
XPC,BrC7
ZBED9,BrC7
ZC2HC1C,BrC7
ZC3H12A,BrC7
ZNF165,BrC7
ZNF185,BrC7
ZNF33B,BrC7
ZNF497,BrC7
ZNF726,BrC7
ZNF750,BrC7
ZNF98,BrC7
ZSWIM4,BrC7
AARS2,BrC2
ABCB9,BrC2
ABCC10,BrC2
ACAD10,BrC2
ACAP3,BrC2
ACIN1,BrC2
ACP6,BrC2
ACTR5,BrC2
ADAM11,BrC2
ADAMTS13,BrC2
ADGRB1,BrC2
ADORA2A,BrC2
AGAP3,BrC2
AGAP4,BrC2
AGER,BrC2
AHDC1,BrC2
AIFM3,BrC2
AKAP17A,BrC2
ALDH18A1,BrC2
ALKBH2,BrC2
AMBRA1,BrC2
AMOT,BrC2
AMPD2,BrC2
AMT,BrC2
ANAPC2,BrC2
ANAPC5,BrC2
ANKLE1,BrC2
ANKMY1,BrC2
ANKRD13A,BrC2
ANKRD13D,BrC2
ANKRD23,BrC2
ANKRD34A,BrC2
ANKRD6,BrC2
ANKZF1,BrC2
AP3B2,BrC2
AP5Z1,BrC2
APBA2,BrC2
APBB3,BrC2
ARAP1,BrC2
ARFGAP1,BrC2
ARHGAP27,BrC2
ARHGAP44,BrC2
ARHGEF10L,BrC2
ARHGEF25,BrC2
ARID3B,BrC2
ARMC9,BrC2
ASB6,BrC2
ASIC1,BrC2
ATAD3B,BrC2
ATG16L2,BrC2
ATG2A,BrC2
ATG4B,BrC2
ATG7,BrC2
ATN1,BrC2
ATP13A1,BrC2
ATP6V0A1,BrC2
ATXN2L,BrC2
ATXN7L2,BrC2
AXIN1,BrC2
B3GNT9,BrC2
BAG6,BrC2
BBS5,BrC2
BEST4,BrC2
BMP8A,BrC2
BOC,BrC2
BRD2,BrC2
BRD8,BrC2
BRF1,BrC2
BRICD5,BrC2
BSDC1,BrC2
BTN2A2,BrC2
C11orf84,BrC2
C12orf65,BrC2
C14orf159,BrC2
C15orf57,BrC2
C17orf67,BrC2
C19orf54,BrC2
C19orf66,BrC2
C19orf68,BrC2
C1QTNF6,BrC2
C1orf159,BrC2
C1orf174,BrC2
C20orf203,BrC2
C21orf58,BrC2
C2CD2L,BrC2
C7orf43,BrC2
CABIN1,BrC2
CABLES2,BrC2
CACNA1C,BrC2
CACNB3,BrC2
CACTIN,BrC2
CAD,BrC2
CALCOCO1,BrC2
CAMKMT,BrC2
CAMTA2,BrC2
CAPN10,BrC2
CARM1,BrC2
CARS2,BrC2
CASP9,BrC2
CC2D1A,BrC2
CCAR2,BrC2
CCDC130,BrC2
CCDC134,BrC2
CCDC137,BrC2
CCDC142,BrC2
CCDC154,BrC2
CCDC180,BrC2
CCDC28B,BrC2
CCDC34,BrC2
CCDC57,BrC2
CCDC9,BrC2
CCDC97,BrC2
CCHCR1,BrC2
CCL27,BrC2
CCNL2,BrC2
CD101,BrC2
CDAN1,BrC2
CDC42SE1,BrC2
CDCA7,BrC2
CDK10,BrC2
CDK18,BrC2
CDK3,BrC2
CDK5RAP1,BrC2
CDK5RAP3,BrC2
CDK9,BrC2
CDRT4,BrC2
CELSR3,BrC2
CENPT,BrC2
CEP131,BrC2
CEP164,BrC2
CEP250,BrC2
CEP89,BrC2
CFAP157,BrC2
CFAP46,BrC2
CHAF1A,BrC2
CHD3,BrC2
CHERP,BrC2
CHKB,BrC2
CHST5,BrC2
CIC,BrC2
CIZ1,BrC2
CLASRP,BrC2
CLCN2,BrC2
CLCN7,BrC2
CLIP3,BrC2
CLK2,BrC2
CLK3,BrC2
CMTM4,BrC2
CMTR1,BrC2
CNN2,BrC2
CNNM1,BrC2
CNOT3,BrC2
CNTROB,BrC2
COL16A1,BrC2
COL4A5,BrC2
COL4A6,BrC2
COL7A1,BrC2
COLCA2,BrC2
COPS7B,BrC2
CPNE1,BrC2
CPSF1,BrC2
CRACR2A,BrC2
CRMP1,BrC2
CROCC,BrC2
CRTC2,BrC2
CSK,BrC2
CSNK1D,BrC2
CSNK1E,BrC2
CSNK1G2,BrC2
CSTF3,BrC2
CTB-50L17.10,BrC2
CTBP1,BrC2
CTC1,BrC2
CTTN,BrC2
CUL7,BrC2
CUL9,BrC2
CYB5D1,BrC2
CYB5R2,BrC2
CYP2D6,BrC2
CYP2D7,BrC2
DAGLB,BrC2
DBF4B,BrC2
DCAF15,BrC2
DCDC2B,BrC2
DDB2,BrC2
DDTL,BrC2
DDX23,BrC2
DDX27,BrC2
DDX31,BrC2
DDX39B,BrC2
DDX51,BrC2
DDX54,BrC2
DDX56,BrC2
DEF6,BrC2
DEF8,BrC2
DENND6B,BrC2
DEPDC5,BrC2
DFNB59,BrC2
DGKA,BrC2
DGKQ,BrC2
DHX16,BrC2
DHX30,BrC2
DHX34,BrC2
DLG4,BrC2
DMAP1,BrC2
DMWD,BrC2
DNAAF5,BrC2
DNAH12,BrC2
DNAJA3,BrC2
DNAJC9,BrC2
DNASE1,BrC2
DNM2,BrC2
DNMT1,BrC2
DNMT3A,BrC2
DOC2A,BrC2
DPAGT1,BrC2
DPH1,BrC2
DPH7,BrC2
DRICH1,BrC2
DTX3,BrC2
DUS1L,BrC2
DUS3L,BrC2
DZANK1,BrC2
EDC4,BrC2
EFTUD2,BrC2
EGFL8,BrC2
EIF2B4,BrC2
EIF2B5,BrC2
ENGASE,BrC2
EPS15L1,BrC2
ERCC3,BrC2
ETV6,BrC2
EVL,BrC2
EWSR1,BrC2
EXD3,BrC2
EXOC3,BrC2
EXOSC2,BrC2
FAAP100,BrC2
FAHD2A,BrC2
FAM160A2,BrC2
FAM160B2,BrC2
FAM192A,BrC2
FAM193B,BrC2
FAM229A,BrC2
FAM53C,BrC2
FAM90A1,BrC2
FANCG,BrC2
FARP1,BrC2
FBF1,BrC2
FBRS,BrC2
FBRSL1,BrC2
FBXL12,BrC2
FBXL19,BrC2
FBXO41,BrC2
FBXO46,BrC2
FBXW4,BrC2
FCHSD1,BrC2
FEM1A,BrC2
FGD1,BrC2
FGF17,BrC2
FHDC1,BrC2
FKRP,BrC2
FLII,BrC2
FLRT3,BrC2
FNTB,BrC2
FOXK2,BrC2
FRMD6,BrC2
FSBP,BrC2
FTO,BrC2
FUS,BrC2
FXR2,BrC2
GABBR1,BrC2
GAK,BrC2
GALNS,BrC2
GALT,BrC2
GAR1,BrC2
GARNL3,BrC2
GBA2,BrC2
GBF1,BrC2
GDI1,BrC2
GEMIN4,BrC2
GEMIN8,BrC2
GET4,BrC2
GGA1,BrC2
GGA3,BrC2
GGT7,BrC2
GLI2,BrC2
GLI3,BrC2
GLT8D2,BrC2
GLTSCR1,BrC2
GMEB2,BrC2
GNA11,BrC2
GNB3,BrC2
GNB5,BrC2
GNL1,BrC2
GOLGA6L9,BrC2
GOLGA8A,BrC2
GPATCH1,BrC2
GPR179,BrC2
GPR35,BrC2
GRIPAP1,BrC2
GRK2,BrC2
GSK3A,BrC2
GTF2F1,BrC2
GTF3C5,BrC2
GTPBP1,BrC2
GTPBP3,BrC2
GUCA1B,BrC2
HARS2,BrC2
HAUS5,BrC2
HAUS8,BrC2
HCN3,BrC2
HDAC10,BrC2
HDAC6,BrC2
HDAC7,BrC2
HDGF,BrC2
HEPH,BrC2
HEXIM1,BrC2
HGS,BrC2
HNRNPM,BrC2
HPS1,BrC2
HPS4,BrC2
HPSE2,BrC2
HSD17B1,BrC2
IER5,BrC2
IFT122,BrC2
IFT172,BrC2
IGHMBP2,BrC2
IKBKB,BrC2
IKBKE,BrC2
IL11RA,BrC2
IL17RD,BrC2
IL23A,BrC2
ILF3,BrC2
INCENP,BrC2
ING5,BrC2
INO80B,BrC2
INPPL1,BrC2
INTS1,BrC2
INTS11,BrC2
INTS4,BrC2
IP6K2,BrC2
IQSEC2,BrC2
IRF3,BrC2
IRS1,BrC2
ISG20L2,BrC2
ITFG2,BrC2
ITGA3,BrC2
ITM2C,BrC2
ITPR3,BrC2
JMJD7,BrC2
KAT2A,BrC2
KAZN,BrC2
KCNAB3,BrC2
KCNJ14,BrC2
KCTD13,BrC2
KDM2B,BrC2
KDM5C,BrC2
KDM8,BrC2
KHDC1,BrC2
KIAA0141,BrC2
KIAA0895L,BrC2
KIAA1024,BrC2
KIAA1755,BrC2
KIF26B,BrC2
KIF3C,BrC2
KLHDC4,BrC2
KLHL17,BrC2
KLHL22,BrC2
KMT2B,BrC2
KMT5A,BrC2
KMT5C,BrC2
KNOP1,BrC2
KRBA1,BrC2
KRI1,BrC2
KRTAP5-1,BrC2
L3MBTL1,BrC2
L3MBTL2,BrC2
LAMB2,BrC2
LARS2,BrC2
LAS1L,BrC2
LAT,BrC2
LBX2,BrC2
LDB1,BrC2
LEMD2,BrC2
LENG8,BrC2
LETMD1,BrC2
LIG1,BrC2
LLGL1,BrC2
LMBR1L,BrC2
LMF1,BrC2
LMF2,BrC2
LPAR2,BrC2
LPIN3,BrC2
LRCH4,BrC2
LRFN5,BrC2
LRP4,BrC2
LRP5L,BrC2
LRRC41,BrC2
LRSAM1,BrC2
LSM14B,BrC2
LTB4R2,BrC2
LTBP3,BrC2
LUC7L,BrC2
LYG1,BrC2
LYSMD1,BrC2
LZTR1,BrC2
LZTS3,BrC2
MAEA,BrC2
MAMDC4,BrC2
MAP2K7,BrC2
MAP3K12,BrC2
MAP3K14,BrC2
MAP4K2,BrC2
MAP6D1,BrC2
MAPK8IP3,BrC2
MAPKBP1,BrC2
MARCH9,BrC2
MARK4,BrC2
MARVELD1,BrC2
MAST1,BrC2
MAST2,BrC2
MAU2,BrC2
MBD1,BrC2
MBD6,BrC2
MC1R,BrC2
MCM3,BrC2
MCM5,BrC2
MED15,BrC2
MED22,BrC2
MED24,BrC2
MED26,BrC2
MEN1,BrC2
METTL17,BrC2
METTL21B,BrC2
METTL22,BrC2
MFSD10,BrC2
MGRN1,BrC2
MIB2,BrC2
MICALL2,BrC2
MIGA2,BrC2
MINK1,BrC2
MKL1,BrC2
MKS1,BrC2
MLLT6,BrC2
MMP16,BrC2
MMS19,BrC2
MOGS,BrC2
MORC2,BrC2
MOV10,BrC2
MRGBP,BrC2
MRNIP,BrC2
MROH1,BrC2
MSH5,BrC2
MSI1,BrC2
MTA1,BrC2
MTG2,BrC2
MTHFSD,BrC2
MTMR11,BrC2
MTRF1,BrC2
MXD3,BrC2
MYBBP1A,BrC2
MYH3,BrC2
MYH7B,BrC2
MYO15A,BrC2
MYO19,BrC2
MZF1,BrC2
N6AMT1,BrC2
NAA40,BrC2
NAB2,BrC2
NADSYN1,BrC2
NAGK,BrC2
NAT9,BrC2
NBEAL2,BrC2
NBPF14,BrC2
NCDN,BrC2
NCK2,BrC2
NDE1,BrC2
NDOR1,BrC2
NELFCD,BrC2
NEO1,BrC2
NEURL4,BrC2
NFATC4,BrC2
NFRKB,BrC2
NICN1,BrC2
NINL,BrC2
NISCH,BrC2
NLGN2,BrC2
NOC2L,BrC2
NONO,BrC2
NPEPL1,BrC2
NR2F1,BrC2
NRBP2,BrC2
NTN5,BrC2
NUDCD3,BrC2
NUDT11,BrC2
NUMA1,BrC2
NUP62,BrC2
NUP85,BrC2
NUPL2,BrC2
NVL,BrC2
OBSL1,BrC2
ODF2,BrC2
OGFR,BrC2
OSBPL2,BrC2
OSBPL5,BrC2
OSBPL7,BrC2
OTUD5,BrC2
OXER1,BrC2
P2RY11,BrC2
P3H2,BrC2
PABPN1,BrC2
PACS1,BrC2
PACSIN2,BrC2
PALM3,BrC2
PAN2,BrC2
PANK4,BrC2
PAQR7,BrC2
PARN,BrC2
PARP2,BrC2
PARP6,BrC2
PASK,BrC2
PBX2,BrC2
PCBP4,BrC2
PCED1A,BrC2
PCNX2,BrC2
PDCD7,BrC2
PDZD4,BrC2
PELP1,BrC2
PFKM,BrC2
PHC1,BrC2
PHF12,BrC2
PHF13,BrC2
PHF21B,BrC2
PHKA2,BrC2
PHRF1,BrC2
PI4KB,BrC2
PIAS3,BrC2
PIAS4,BrC2
PIDD1,BrC2
PIK3CD,BrC2
PIK3R2,BrC2
PLA2G4B,BrC2
PLD2,BrC2
PLEKHG4,BrC2
PLPPR2,BrC2
PMPCA,BrC2
PNKP,BrC2
POFUT2,BrC2
POLD1,BrC2
POLM,BrC2
POLR3E,BrC2
POLRMT,BrC2
POMT1,BrC2
POMT2,BrC2
PPIP5K1,BrC2
PPME1,BrC2
PPP1R10,BrC2
PPP1R13B,BrC2
PPP1R32,BrC2
PPP1R3E,BrC2
PPP2R2D,BrC2
PPP2R5D,BrC2
PPP6R1,BrC2
PPT2,BrC2
PRDM15,BrC2
PRKD2,BrC2
PRKRIP1,BrC2
PRMT2,BrC2
PROSER3,BrC2
PRPF4,BrC2
PRPF40B,BrC2
PRPSAP1,BrC2
PRR12,BrC2
PRR14,BrC2
PRR3,BrC2
PRRT1,BrC2
PRSS53,BrC2
PSMG4,BrC2
PSPN,BrC2
PSTPIP2,BrC2
PTBP1,BrC2
PTGFRN,BrC2
PTPN18,BrC2
PTPN23,BrC2
QRICH2,BrC2
RAB11FIP3,BrC2
RAB24,BrC2
RABL2A,BrC2
RABL2B,BrC2
RAD51D,BrC2
RAD9A,BrC2
RANBP10,BrC2
RANBP3,BrC2
RANGAP1,BrC2
RAP1GAP2,BrC2
RARB,BrC2
RARG,BrC2
RBM10,BrC2
RBM14,BrC2
RBM19,BrC2
RBM23,BrC2
RBM4B,BrC2
RCC2,BrC2
RCCD1,BrC2
RECQL4,BrC2
RECQL5,BrC2
RELL2,BrC2
REM2,BrC2
REXO1,BrC2
REXO4,BrC2
RGS12,BrC2
RHBDF1,BrC2
RHOT2,BrC2
RILPL1,BrC2
RIMS3,BrC2
RNF121,BrC2
RNF126,BrC2
RNF207,BrC2
RNF44,BrC2
ROR2,BrC2
RP11-111M22.2,BrC2
RRP8,BrC2
RSAD1,BrC2
RSRP1,BrC2
RTEL1,BrC2
RUFY1,BrC2
RUNX2,BrC2
RXRB,BrC2
SAFB,BrC2
SAFB2,BrC2
SAP25,BrC2
SAP30BP,BrC2
SAPCD1,BrC2
SARDH,BrC2
SARM1,BrC2
SART1,BrC2
SBF1,BrC2
SCAF1,BrC2
SCLY,BrC2
SCRIB,BrC2
SEC31B,BrC2
SELENOO,BrC2
SEMA4C,BrC2
SEMA4D,BrC2
SEMA4F,BrC2
SEMA4G,BrC2
SEMA6C,BrC2
SEPT5,BrC2
SEPT9,BrC2
SETD4,BrC2
SF1,BrC2
SGSH,BrC2
SGSM2,BrC2
SGSM3,BrC2
SH2B1,BrC2
SH3BP1,BrC2
SH3BP2,BrC2
SIN3B,BrC2
SKIV2L,BrC2
SLC12A7,BrC2
SLC13A3,BrC2
SLC26A10,BrC2
SLC26A11,BrC2
SLC26A6,BrC2
SLC27A1,BrC2
SLC35E2B,BrC2
SLC39A13,BrC2
SLC45A4,BrC2
SLC4A3,BrC2
SLC7A9,BrC2
SLC8B1,BrC2
SLC9A5,BrC2
SLX4,BrC2
SMARCA4,BrC2
SMG5,BrC2
SMG9,BrC2
SMO,BrC2
SMPD4,BrC2
SMYD2,BrC2
SMYD5,BrC2
SNAPC4,BrC2
SNRNP70,BrC2
SOX4,BrC2
SPG7,BrC2
SPNS1,BrC2
SPPL2B,BrC2
SPRN,BrC2
SRC,BrC2
SRF,BrC2
SRRM2,BrC2
SRRM5,BrC2
SRRT,BrC2
SSX2IP,BrC2
ST5,BrC2
STAT2,BrC2
STK11,BrC2
STK11IP,BrC2
STK36,BrC2
STON2,BrC2
STRADA,BrC2
STRC,BrC2
STX1A,BrC2
STX1B,BrC2
SUFU,BrC2
SUGP2,BrC2
SUPT5H,BrC2
SURF6,BrC2
SV2A,BrC2
SYMPK,BrC2
SYNGAP1,BrC2
TAF1C,BrC2
TAPBP,BrC2
TAZ,BrC2
TBC1D17,BrC2
TBC1D22B,BrC2
TBC1D24,BrC2
TBC1D25,BrC2
TBC1D3L,BrC2
TBX19,BrC2
TCF25,BrC2
TCF3,BrC2
TCOF1,BrC2
TEAD3,BrC2
TEPSIN,BrC2
TFAP2E,BrC2
TGIF1,BrC2
TGIF2,BrC2
THBS3,BrC2
THOC5,BrC2
TIGD1,BrC2
TIMM44,BrC2
TJAP1,BrC2
TLE2,BrC2
TLR5,BrC2
TM9SF4,BrC2
TMEM136,BrC2
TMEM138,BrC2
TMEM143,BrC2
TMEM144,BrC2
TMEM201,BrC2
TMEM240,BrC2
TMEM259,BrC2
TMEM63A,BrC2
TMEM63B,BrC2
TMEM86B,BrC2
TMEM94,BrC2
TMPRSS9,BrC2
TNFRSF14,BrC2
TNFRSF19,BrC2
TNRC18,BrC2
TONSL,BrC2
TOP1MT,BrC2
TOP3A,BrC2
TOP3B,BrC2
TP53,BrC2
TPCN1,BrC2
TRABD,BrC2
TRAF1,BrC2
TRAF2,BrC2
TRAP1,BrC2
TRAPPC2,BrC2
TRIL,BrC2
TRIM14,BrC2
TRIM27,BrC2
TRIM41,BrC2
TRIM59,BrC2
TRIM68,BrC2
TRIM73,BrC2
TRIM9,BrC2
TRIT1,BrC2
TRMT1,BrC2
TRMT2A,BrC2
TRMU,BrC2
TRNAU1AP,BrC2
TRPC4AP,BrC2
TSC2,BrC2
TTC23,BrC2
TTC31,BrC2
TTC9C,BrC2
TTLL11,BrC2
TTLL3,BrC2
TTLL4,BrC2
TUBG2,BrC2
TUBGCP2,BrC2
TUBGCP6,BrC2
TULP1,BrC2
TUT1,BrC2
TVP23A,BrC2
TXNRD3,BrC2
TYK2,BrC2
U2AF1L4,BrC2
U2AF2,BrC2
UAP1L1,BrC2
UBA1,BrC2
UBA7,BrC2
UBALD1,BrC2
UBAP1L,BrC2
UBAP2,BrC2
UBE2O,BrC2
UBE2Z,BrC2
UBQLN4,BrC2
UBXN11,BrC2
UCKL1,BrC2
UCN,BrC2
ULK1,BrC2
ULK3,BrC2
UNC13D,BrC2
UNC5CL,BrC2
UPF1,BrC2
UQCC1,BrC2
USF1,BrC2
USP11,BrC2
USP20,BrC2
VAMP1,BrC2
VAV2,BrC2
VGLL4,BrC2
VPS16,BrC2
VPS52,BrC2
VPS9D1,BrC2
VSIG8,BrC2
WDR19,BrC2
WDR45B,BrC2
WDR59,BrC2
WDR6,BrC2
WDR74,BrC2
WDR90,BrC2
WDR91,BrC2
WLS,BrC2
WNT5A,BrC2
WRAP73,BrC2
XPNPEP1,BrC2
XRCC3,BrC2
XYLT2,BrC2
YJEFN3,BrC2
YPEL3,BrC2
YPEL4,BrC2
YY1AP1,BrC2
ZBTB12,BrC2
ZBTB17,BrC2
ZBTB49,BrC2
ZBTB5,BrC2
ZC3H18,BrC2
ZC4H2,BrC2
ZDHHC14,BrC2
ZDHHC23,BrC2
ZFHX2,BrC2
ZFYVE27,BrC2
ZGPAT,BrC2
ZMIZ2,BrC2
ZMYM3,BrC2
ZMYND19,BrC2
ZNF133,BrC2
ZNF202,BrC2
ZNF248,BrC2
ZNF250,BrC2
ZNF263,BrC2
ZNF266,BrC2
ZNF276,BrC2
ZNF316,BrC2
ZNF334,BrC2
ZNF341,BrC2
ZNF362,BrC2
ZNF419,BrC2
ZNF496,BrC2
ZNF512B,BrC2
ZNF513,BrC2
ZNF517,BrC2
ZNF526,BrC2
ZNF558,BrC2
ZNF561,BrC2
ZNF586,BrC2
ZNF630,BrC2
ZNF667,BrC2
ZNF707,BrC2
ZNF710,BrC2
ZNF711,BrC2
ZNF738,BrC2
ZNF74,BrC2
ZNF76,BrC2
ZNF764,BrC2
ZNF783,BrC2
ZNF785,BrC2
ZNF787,BrC2
ZNF79,BrC2
ZNF862,BrC2
ZNF865,BrC2
ZNF93,BrC2
ZRSR2,BrC2
ZSWIM8,BrC2
AARSD1,BrC6
ABHD16A,BrC6
ABT1,BrC6
ACAA1,BrC6
ACOT8,BrC6
ACP1,BrC6
ACTL6A,BrC6
ACTR10,BrC6
ACTR6,BrC6
ADCK2,BrC6
AGTRAP,BrC6
AIMP1,BrC6
AKR1A1,BrC6
ALG1,BrC6
ALKBH1,BrC6
ALKBH3,BrC6
ALKBH7,BrC6
AP1S1,BrC6
APEH,BrC6
APEX1,BrC6
ARF5,BrC6
ARL16,BrC6
ARL3,BrC6
ARMCX6,BrC6
ARV1,BrC6
ASL,BrC6
ASPSCR1,BrC6
ATP5SL,BrC6
ATP6V0B,BrC6
ATP6V0D1,BrC6
ATP6V1G1,BrC6
ATPAF2,BrC6
ATPIF1,BrC6
ATXN10,BrC6
B9D1,BrC6
B9D2,BrC6
BCL2L12,BrC6
BCL7C,BrC6
BEX4,BrC6
BLOC1S4,BrC6
BOD1,BrC6
BOLA1,BrC6
BORCS6,BrC6
BSCL2,BrC6
BUD13,BrC6
C11orf1,BrC6
C11orf49,BrC6
C12orf10,BrC6
C14orf1,BrC6
C14orf79,BrC6
C19orf25,BrC6
C19orf48,BrC6
C19orf60,BrC6
C1orf109,BrC6
C2orf81,BrC6
C3orf33,BrC6
C6orf1,BrC6
C7orf50,BrC6
C9orf142,BrC6
CAMTA1,BrC6
CARD19,BrC6
CASP6,BrC6
CBWD2,BrC6
CBY1,BrC6
CCDC115,BrC6
CCDC12,BrC6
CCDC157,BrC6
CCDC71,BrC6
CCDC94,BrC6
CD2BP2,BrC6
CDCA4,BrC6
CDK5,BrC6
CDK7,BrC6
CDPF1,BrC6
CENPS,BrC6
CERS5,BrC6
CETN2,BrC6
CGRRF1,BrC6
CHCHD5,BrC6
CHCHD6,BrC6
CHID1,BrC6
CHMP1A,BrC6
CHMP6,BrC6
CHST10,BrC6
CLNS1A,BrC6
CMAS,BrC6
CNOT10,BrC6
CNPY2,BrC6
CNPY3,BrC6
COMMD1,BrC6
COMMD3,BrC6
COMMD4,BrC6
COMMD7,BrC6
COMT,BrC6
COPS4,BrC6
COPS5,BrC6
COPS7A,BrC6
COPZ1,BrC6
CORO1B,BrC6
CRADD,BrC6
CRCP,BrC6
CRIPT,BrC6
CSTF2,BrC6
CUTA,BrC6
CYB561D2,BrC6
CYB5R1,BrC6
CYHR1,BrC6
DALRD3,BrC6
DAP3,BrC6
DCPS,BrC6
DCTN3,BrC6
DDOST,BrC6
DEAF1,BrC6
DGCR6L,BrC6
DGUOK,BrC6
DIABLO,BrC6
DNAAF2,BrC6
DNAL4,BrC6
DPCD,BrC6
DPH5,BrC6
DPP7,BrC6
DPY30,BrC6
DUSP12,BrC6
DYNLT1,BrC6
DYRK4,BrC6
EEFSEC,BrC6
EFNA4,BrC6
EIF4A3,BrC6
ELAC1,BrC6
ELOF1,BrC6
ELP6,BrC6
EMC10,BrC6
EMC9,BrC6
EMID1,BrC6
ENKD1,BrC6
ENSA,BrC6
ERAL1,BrC6
ERCC1,BrC6
ERGIC3,BrC6
ERI3,BrC6
ERP29,BrC6
EXOSC1,BrC6
EXOSC7,BrC6
EXOSC8,BrC6
FAF1,BrC6
FAM103A1,BrC6
FAM104B,BrC6
FAM174A,BrC6
FAM98C,BrC6
FARS2,BrC6
FASTK,BrC6
FBXW9,BrC6
FKBPL,BrC6
FUNDC1,BrC6
GAMT,BrC6
GEMIN7,BrC6
GJC3,BrC6
GLOD4,BrC6
GLT8D1,BrC6
GPAA1,BrC6
GPKOW,BrC6
GPN1,BrC6
GPS1,BrC6
GRHPR,BrC6
GSTK1,BrC6
GSTZ1,BrC6
HAT1,BrC6
HDAC1,BrC6
HIST3H2A,BrC6
HMGCL,BrC6
HMGN1,BrC6
HNRNPL,BrC6
HSBP1,BrC6
HSD11B1L,BrC6
HSD17B8,BrC6
HSPB11,BrC6
IDH3B,BrC6
IDH3G,BrC6
IFT20,BrC6
IFT22,BrC6
IFT27,BrC6
IFT43,BrC6
IFT46,BrC6
IFT52,BrC6
IMMP1L,BrC6
INTS12,BrC6
ISCA2,BrC6
JMJD8,BrC6
KATNA1,BrC6
KATNB1,BrC6
KBTBD3,BrC6
KIAA1191,BrC6
KIAA2013,BrC6
LCMT1,BrC6
LIN7B,BrC6
LMAN2,BrC6
LMAN2L,BrC6
LRRC23,BrC6
LRRC29,BrC6
LRRC42,BrC6
LSM5,BrC6
LYRM2,BrC6
MACROD1,BrC6
MAGEF1,BrC6
MANBAL,BrC6
MARCKSL1,BrC6
MCAT,BrC6
MCEE,BrC6
MCRS1,BrC6
MDK,BrC6
MDP1,BrC6
MEAF6,BrC6
MED27,BrC6
METTL10,BrC6
METTL23,BrC6
MFAP1,BrC6
MFF,BrC6
MICU1,BrC6
MICU2,BrC6
MLST8,BrC6
MORN2,BrC6
MOSPD3,BrC6
MPI,BrC6
MPLKIP,BrC6
MPND,BrC6
MPV17,BrC6
MRFAP1L1,BrC6
MRM2,BrC6
MRM3,BrC6
MRPL2,BrC6
MRPL21,BrC6
MRPL38,BrC6
MRPL43,BrC6
MRPL48,BrC6
MRPL55,BrC6
MRPL57,BrC6
MRPS14,BrC6
MRPS18B,BrC6
MRPS21,BrC6
MRPS31,BrC6
MRPS35,BrC6
MRPS9,BrC6
MYCBP,BrC6
MYL6B,BrC6
MZT2B,BrC6
NABP2,BrC6
NAE1,BrC6
NAT14,BrC6
NAT6,BrC6
NCAPH2,BrC6
NDUFC1,BrC6
NENF,BrC6
NEU1,BrC6
NHLRC4,BrC6
NIF3L1,BrC6
NINJ1,BrC6
NME3,BrC6
NME7,BrC6
NMRAL1,BrC6
NR2C2AP,BrC6
NRSN2,BrC6
NSFL1C,BrC6
NSUN5,BrC6
NT5C,BrC6
NUDC,BrC6
NUDT16L1,BrC6
NUDT22,BrC6
NUP35,BrC6
NUP37,BrC6
OCIAD2,BrC6
OGFOD3,BrC6
ORC5,BrC6
OSCP1,BrC6
OTUB1,BrC6
OXLD1,BrC6
PAFAH1B3,BrC6
PAOX,BrC6
PCNA,BrC6
PDCD6,BrC6
PDRG1,BrC6
PEBP1,BrC6
PET100,BrC6
PEX11G,BrC6
PEX16,BrC6
PEX2,BrC6
PEX3,BrC6
PEX7,BrC6
PIGC,BrC6
PIGT,BrC6
PIH1D1,BrC6
PIN4,BrC6
PITHD1,BrC6
PKIB,BrC6
PLGRKT,BrC6
PLRG1,BrC6
PMF1,BrC6
PMVK,BrC6
POLB,BrC6
POLR2C,BrC6
POLR2G,BrC6
POLR3K,BrC6
POMGNT2,BrC6
PORCN,BrC6
PPA2,BrC6
PPIH,BrC6
PPP1R35,BrC6
PPP2R1A,BrC6
PPT1,BrC6
PRDX5,BrC6
PRKRA,BrC6
PRMT1,BrC6
PRPSAP2,BrC6
PRR19,BrC6
PSMD10,BrC6
PSPC1,BrC6
PUF60,BrC6
PUSL1,BrC6
QPCTL,BrC6
R3HCC1,BrC6
RAB1B,BrC6
RAE1,BrC6
RAF1,BrC6
RANGRF,BrC6
RBBP7,BrC6
RBM42,BrC6
RBM8A,BrC6
RFC3,BrC6
RFXANK,BrC6
RGS14,BrC6
RHBDD3,BrC6
RHBDL1,BrC6
RHNO1,BrC6
RITA1,BrC6
RNF114,BrC6
RNF167,BrC6
RNF185,BrC6
RNF187,BrC6
RNF25,BrC6
RNF5,BrC6
RNF8,BrC6
RNPS1,BrC6
RPA2,BrC6
RPL39L,BrC6
RPN2,BrC6
RPS6KB2,BrC6
RPUSD3,BrC6
RTCB,BrC6
RTFDC1,BrC6
RTN2,BrC6
SAAL1,BrC6
SARAF,BrC6
SCNM1,BrC6
SDF2,BrC6
SEC11C,BrC6
SEPHS1,BrC6
SERP2,BrC6
SF3B2,BrC6
SGTA,BrC6
SLC22A18,BrC6
SLC25A17,BrC6
SLC39A4,BrC6
SMARCB1,BrC6
SMCO4,BrC6
SMIM1,BrC6
SMPD2,BrC6
SMUG1,BrC6
SMYD3,BrC6
SNAPC2,BrC6
SNRNP25,BrC6
SNUPN,BrC6
SNX17,BrC6
SPAG16,BrC6
SPATA5L1,BrC6
SRP68,BrC6
SRRD,BrC6
SRSF9,BrC6
ST7L,BrC6
STK16,BrC6
STX18,BrC6
STYXL1,BrC6
SUMF2,BrC6
SUPT4H1,BrC6
SVIP,BrC6
SWI5,BrC6
SWSAP1,BrC6
TADA3,BrC6
TBC1D10A,BrC6
TBCB,BrC6
TBRG4,BrC6
TCTEX1D2,BrC6
TCTN1,BrC6
TCTN3,BrC6
TEX264,BrC6
TFPT,BrC6
THAP7,BrC6
TIMM10B,BrC6
TIMM17B,BrC6
TM2D1,BrC6
TM2D2,BrC6
TM9SF2,BrC6
TMBIM6,BrC6
TMCO1,BrC6
TMED3,BrC6
TMEM115,BrC6
TMEM121,BrC6
TMEM129,BrC6
TMEM134,BrC6
TMEM141,BrC6
TMEM179B,BrC6
TMEM183A,BrC6
TMEM185A,BrC6
TMEM186,BrC6
TMEM199,BrC6
TMEM203,BrC6
TMEM205,BrC6
TMEM216,BrC6
TMEM219,BrC6
TMEM222,BrC6
TMEM243,BrC6
TMEM5,BrC6
TMEM54,BrC6
TMEM59,BrC6
TMEM60,BrC6
TMEM69,BrC6
TMEM9,BrC6
TMEM9B,BrC6
TMUB1,BrC6
TRADD,BrC6
TRAPPC1,BrC6
TRAPPC2L,BrC6
TRAPPC3,BrC6
TRAPPC6A,BrC6
TREX1,BrC6
TRMT12,BrC6
TRMT61B,BrC6
TRPT1,BrC6
TRUB2,BrC6
TSEN34,BrC6
TSFM,BrC6
TSG101,BrC6
TSPAN31,BrC6
TSR2,BrC6
TSSC1,BrC6
TSTD1,BrC6
TTC27,BrC6
TTI2,BrC6
TTLL1,BrC6
TUFM,BrC6
UBL7,BrC6
UNC50,BrC6
UROD,BrC6
USP39,BrC6
USP5,BrC6
UTP18,BrC6
VAMP8,BrC6
VPS25,BrC6
VPS28,BrC6
VPS33B,BrC6
VPS37D,BrC6
VPS72,BrC6
VRK1,BrC6
WBSCR22,BrC6
WDR25,BrC6
WDR34,BrC6
WDR54,BrC6
WDR61,BrC6
WDR70,BrC6
WDR83OS,BrC6
WDYHV1,BrC6
XRCC6,BrC6
YAE1D1,BrC6
YDJC,BrC6
YEATS4,BrC6
YIPF2,BrC6
ZC3HC1,BrC6
ZCCHC17,BrC6
ZFPL1,BrC6
ZMAT2,BrC6
ZMAT5,BrC6
ZNF32,BrC6
ZNF410,BrC6
ZNF414,BrC6
ZNF428,BrC6
ZNF511,BrC6
ZNF622,BrC6
ZNF691,BrC6
ZNHIT2,BrC6
ZNHIT3,BrC6
AASDH,BrC13
ABHD10,BrC13
ADGRV1,BrC13
AGBL2,BrC13
ANKRD18A,BrC13
ANKRD31,BrC13
ANKRD49,BrC13
ARHGAP32,BrC13
ARHGEF28,BrC13
ARMCX5,BrC13
ASAH2B,BrC13
BBOF1,BrC13
BORCS5,BrC13
BTC,BrC13
BUB3,BrC13
C11orf54,BrC13
C15orf40,BrC13
C1orf101,BrC13
C1orf112,BrC13
C5orf63,BrC13
CCDC122,BrC13
CCDC138,BrC13
CCDC15,BrC13
CCDC158,BrC13
CCDC171,BrC13
CCDC191,BrC13
CCDC30,BrC13
CDNF,BrC13
CENPP,BrC13
CEP70,BrC13
CEP72,BrC13
CFAP43,BrC13
CFAP70,BrC13
CGNL1,BrC13
CHD6,BrC13
CMYA5,BrC13
COA1,BrC13
COG7,BrC13
COQ7,BrC13
CRNKL1,BrC13
CTAGE5,BrC13
CTPS2,BrC13
CYP2R1,BrC13
DCDC1,BrC13
DENND1B,BrC13
DET1,BrC13
DIS3L2,BrC13
DLEC1,BrC13
DNAH6,BrC13
DNAH7,BrC13
DNHD1,BrC13
DRC3,BrC13
DTWD2,BrC13
DUS4L,BrC13
DYNC2LI1,BrC13
ECHDC2,BrC13
ECT2,BrC13
EFCAB6,BrC13
EFCAB7,BrC13
ELP2,BrC13
EML5,BrC13
ENO4,BrC13
ENOSF1,BrC13
EPB41L5,BrC13
ERLIN2,BrC13
ERMARD,BrC13
ETFBKMT,BrC13
FAM169A,BrC13
FAM200B,BrC13
FAM84B,BrC13
FANCD2,BrC13
FANCL,BrC13
FBXL2,BrC13
FIG4,BrC13
FRK,BrC13
GAS2,BrC13
GOLGA8B,BrC13
GPR89B,BrC13
GTF2IRD2,BrC13
GTF2IRD2B,BrC13
HDHD2,BrC13
HEATR4,BrC13
HEMK1,BrC13
HFE,BrC13
HINT3,BrC13
HIST4H4,BrC13
HOMER1,BrC13
HSD17B3,BrC13
HYDIN,BrC13
HYKK,BrC13
IFT74,BrC13
IFT81,BrC13
IGF1R,BrC13
IQCE,BrC13
IRAK1BP1,BrC13
JAKMIP3,BrC13
KANSL3,BrC13
KCNMB3,BrC13
KIAA0391,BrC13
KIAA0556,BrC13
KIAA1328,BrC13
KIAA1549,BrC13
KIAA1671,BrC13
KIAA1958,BrC13
KIF13B,BrC13
LAMTOR3,BrC13
LDLRAD4,BrC13
LIG3,BrC13
LINC01125,BrC13
LMO7,BrC13
LONP2,BrC13
LRGUK,BrC13
LZTFL1,BrC13
MACROD2,BrC13
MAP3K1,BrC13
MAP3K13,BrC13
MED6,BrC13
METTL25,BrC13
MIPOL1,BrC13
MMP21,BrC13
MORF4L2,BrC13
MRPS30,BrC13
MSI2,BrC13
MTERF2,BrC13
MYO6,BrC13
NAA35,BrC13
NAALADL2,BrC13
NDC1,BrC13
NOXRED1,BrC13
NR6A1,BrC13
NSUN7,BrC13
NUP43,BrC13
OCIAD1,BrC13
ORC4,BrC13
P2RY4,BrC13
PACRGL,BrC13
PCDH7,BrC13
PCLO,BrC13
PDIK1L,BrC13
PDSS2,BrC13
PHF8,BrC13
PIGB,BrC13
PLEKHF2,BrC13
PMS2,BrC13
PRPF18,BrC13
PSTK,BrC13
RAD1,BrC13
RAD18,BrC13
RAD9B,BrC13
RALGPS1,BrC13
REPS1,BrC13
RFC5,BrC13
RGMB,BrC13
RNF144B,BrC13
RP4-816N1.8,BrC13
RPAIN,BrC13
RRAGB,BrC13
RSPH3,BrC13
RTKN2,BrC13
SAMD12,BrC13
SCGB2B2,BrC13
SCYL3,BrC13
SENP8,BrC13
SERAC1,BrC13
SERTAD4,BrC13
SETDB2,BrC13
SFMBT1,BrC13
SHTN1,BrC13
SLC11A2,BrC13
SLC23A1,BrC13
SLC25A12,BrC13
SLC25A14,BrC13
SLC25A40,BrC13
SLC35A1,BrC13
SMARCC1,BrC13
SPATA13,BrC13
SPATA46,BrC13
SPATA6L,BrC13
SPEF2,BrC13
SPICE1,BrC13
SRD5A1,BrC13
SRSF5,BrC13
STAMBP,BrC13
TADA1,BrC13
TARBP1,BrC13
TDP1,BrC13
TET3,BrC13
TEX9,BrC13
TLDC1,BrC13
TMEM232,BrC13
TMEM67,BrC13
TMTC2,BrC13
TRPV1,BrC13
TTC21A,BrC13
TTC30A,BrC13
TTC32,BrC13
TYW1,BrC13
UMAD1,BrC13
USP54,BrC13
VN1R1,BrC13
VPS50,BrC13
WBP2NL,BrC13
WDR27,BrC13
WDR88,BrC13
WDR92,BrC13
WDR93,BrC13
WNK3,BrC13
XKRX,BrC13
XPA,BrC13
ZIK1,BrC13
ZMAT1,BrC13
ZMYND8,BrC13
ZNF10,BrC13
ZNF107,BrC13
ZNF135,BrC13
ZNF138,BrC13
ZNF140,BrC13
ZNF154,BrC13
ZNF214,BrC13
ZNF226,BrC13
ZNF229,BrC13
ZNF233,BrC13
ZNF256,BrC13
ZNF274,BrC13
ZNF285,BrC13
ZNF311,BrC13
ZNF382,BrC13
ZNF418,BrC13
ZNF433,BrC13
ZNF439,BrC13
ZNF440,BrC13
ZNF544,BrC13
ZNF551,BrC13
ZNF555,BrC13
ZNF577,BrC13
ZNF582,BrC13
ZNF587,BrC13
ZNF594,BrC13
ZNF606,BrC13
ZNF607,BrC13
ZNF625,BrC13
ZNF649,BrC13
ZNF66,BrC13
ZNF662,BrC13
ZNF671,BrC13
ZNF680,BrC13
ZNF682,BrC13
ZNF69,BrC13
ZNF717,BrC13
ZNF730,BrC13
ZNF75A,BrC13
ZNF763,BrC13
ZNF776,BrC13
ZNF782,BrC13
ZNF789,BrC13
ZNF814,BrC13
ZNF827,BrC13
ZNF839,BrC13
ZNF90,BrC13
ZSCAN12,BrC13
ZSCAN9,BrC13
AASDHPPT,BrC1
ABCB7,BrC1
ABHD13,BrC1
ABHD17B,BrC1
ABR,BrC1
ACAP2,BrC1
ACVR2B,BrC1
ADAM10,BrC1
ADAM17,BrC1
ADAR,BrC1
ADAT1,BrC1
ADCY9,BrC1
ADD1,BrC1
ADD3,BrC1
ADSS,BrC1
AFTPH,BrC1
AGL,BrC1
AGO1,BrC1
AGO2,BrC1
AHCYL2,BrC1
AHNAK,BrC1
AKAP1,BrC1
AKAP11,BrC1
AKAP13,BrC1
AKAP8,BrC1
ALG11,BrC1
ALKBH8,BrC1
ALMS1,BrC1
AMMECR1L,BrC1
ANKH,BrC1
ANKHD1,BrC1
ANKRD12,BrC1
ANKRD13C,BrC1
ANKRD17,BrC1
ANKRD27,BrC1
ANKRD50,BrC1
ANP32E,BrC1
AP3B1,BrC1
AP4E1,BrC1
AP4S1,BrC1
API5,BrC1
APOOL,BrC1
APPL1,BrC1
AQR,BrC1
ARHGEF10,BrC1
ARHGEF12,BrC1
ARID1B,BrC1
ARID4B,BrC1
ARL1,BrC1
ARL14EP,BrC1
ARL8B,BrC1
ARMC1,BrC1
ARMCX1,BrC1
ARNT,BrC1
ARPIN,BrC1
ASCC3,BrC1
ATE1,BrC1
ATF1,BrC1
ATF2,BrC1
ATF6,BrC1
ATF7IP,BrC1
ATG12,BrC1
ATP10D,BrC1
ATP11B,BrC1
ATP2C1,BrC1
ATP5S,BrC1
ATP6V1A,BrC1
ATP6V1C1,BrC1
ATRX,BrC1
BACH2,BrC1
BBS7,BrC1
BBX,BrC1
BCL9,BrC1
BDP1,BrC1
BICC1,BrC1
BIRC2,BrC1
BLOC1S5,BrC1
BMI1,BrC1
BMPR1A,BrC1
BMT2,BrC1
BNIP2,BrC1
BOD1L1,BrC1
BORA,BrC1
BPTF,BrC1
BRAP,BrC1
BRD3,BrC1
BRD4,BrC1
BRD7,BrC1
BRMS1L,BrC1
BROX,BrC1
BTBD10,BrC1
BTBD3,BrC1
C10orf88,BrC1
C11orf57,BrC1
C12orf29,BrC1
C16orf52,BrC1
C16orf72,BrC1
C18orf8,BrC1
C20orf194,BrC1
C3orf38,BrC1
C5orf22,BrC1
C5orf51,BrC1
CADPS2,BrC1
CALD1,BrC1
CAMKK2,BrC1
CAPN7,BrC1
CAPRIN1,BrC1
CARMIL1,BrC1
CASC3,BrC1
CASC4,BrC1
CCDC117,BrC1
CCDC174,BrC1
CCDC25,BrC1
CCNK,BrC1
CCSER2,BrC1
CDADC1,BrC1
CDC40,BrC1
CDC5L,BrC1
CDC73,BrC1
CDK13,BrC1
CDK14,BrC1
CDK19,BrC1
CDK8,BrC1
CDKAL1,BrC1
CDKL5,BrC1
CDKN1B,BrC1
CDKN2AIP,BrC1
CDS2,BrC1
CDYL,BrC1
CEBPZ,BrC1
CEP104,BrC1
CEP120,BrC1
CEP295,BrC1
CEP350,BrC1
CEP63,BrC1
CEP76,BrC1
CEP85L,BrC1
CFAP97,BrC1
CGGBP1,BrC1
CHD9,BrC1
CHM,BrC1
CHML,BrC1
CHMP2B,BrC1
CIR1,BrC1
CKAP5,BrC1
CLASP1,BrC1
CLCC1,BrC1
CLDND1,BrC1
CMTM6,BrC1
CNNM2,BrC1
CNOT4,BrC1
CNOT6L,BrC1
CNOT7,BrC1
CNTLN,BrC1
CNTRL,BrC1
COG5,BrC1
COG6,BrC1
COMMD2,BrC1
COPB1,BrC1
COPB2,BrC1
CPNE3,BrC1
CRBN,BrC1
CREB1,BrC1
CREBRF,BrC1
CRTC3,BrC1
CRYZL1,BrC1
CSE1L,BrC1
CSNK2A1,BrC1
CSPP1,BrC1
CTSO,BrC1
CUL2,BrC1
CUL4B,BrC1
CWC22,BrC1
CWC27,BrC1
CWF19L2,BrC1
CXorf38,BrC1
CYB5R4,BrC1
CYFIP1,BrC1
DARS,BrC1
DAZAP2,BrC1
DBT,BrC1
DCAF5,BrC1
DCUN1D1,BrC1
DDX18,BrC1
DDX20,BrC1
DDX42,BrC1
DDX46,BrC1
DDX50,BrC1
DDX6,BrC1
DEK,BrC1
DENND1A,BrC1
DENND4C,BrC1
DENND5B,BrC1
DHFR2,BrC1
DHX29,BrC1
DHX36,BrC1
DHX40,BrC1
DHX9,BrC1
DIAPH1,BrC1
DIS3,BrC1
DISP1,BrC1
DNAH10OS,BrC1
DNAJA2,BrC1
DNAJC13,BrC1
DNAJC21,BrC1
DNAJC3,BrC1
DNAL1,BrC1
DNMBP,BrC1
DOCK7,BrC1
DPP8,BrC1
DPY19L4,BrC1
DPYD,BrC1
DR1,BrC1
DTWD1,BrC1
DTX3L,BrC1
DYM,BrC1
DYNC1I2,BrC1
DYNC1LI2,BrC1
DYNC2H1,BrC1
DYRK1A,BrC1
DZIP1,BrC1
EBAG9,BrC1
EDEM1,BrC1
EDEM3,BrC1
EEA1,BrC1
EFCAB14,BrC1
EFR3A,BrC1
EGFR,BrC1
EIF2AK2,BrC1
EIF2S3,BrC1
EIF4A2,BrC1
ELF1,BrC1
ELF2,BrC1
EMSY,BrC1
ENAH,BrC1
ENTPD7,BrC1
EP300,BrC1
EPB41,BrC1
EPC1,BrC1
EPC2,BrC1
EPN2,BrC1
ERBIN,BrC1
ERCC4,BrC1
ERCC5,BrC1
ERCC6L2,BrC1
ERLEC1,BrC1
ESCO1,BrC1
ESF1,BrC1
EVC,BrC1
EVC2,BrC1
EVI5,BrC1
EXOC2,BrC1
EXOC4,BrC1
EXOC6B,BrC1
EXOC8,BrC1
EXT2,BrC1
EZH1,BrC1
FAM120B,BrC1
FAM120C,BrC1
FAM122A,BrC1
FAM135A,BrC1
FAM13B,BrC1
FAM160B1,BrC1
FAM161A,BrC1
FAM171B,BrC1
FAM172A,BrC1
FAM175A,BrC1
FAM175B,BrC1
FAM208A,BrC1
FAM208B,BrC1
FAM217B,BrC1
FAM35A,BrC1
FAM46A,BrC1
FAM8A1,BrC1
FAM98B,BrC1
FASTKD2,BrC1
FAT4,BrC1
FBXL17,BrC1
FBXL3,BrC1
FBXL4,BrC1
FBXO11,BrC1
FBXO21,BrC1
FBXO30,BrC1
FBXO33,BrC1
FBXO38,BrC1
FBXO42,BrC1
FBXW2,BrC1
FCF1,BrC1
FCHO2,BrC1
FEM1B,BrC1
FER,BrC1
FGFR1OP2,BrC1
FIP1L1,BrC1
FKBP15,BrC1
FNBP1,BrC1
FOPNL,BrC1
FOXJ2,BrC1
FOXK1,BrC1
FOXO3B,BrC1
FOXP1,BrC1
FRYL,BrC1
FUBP3,BrC1
FXR1,BrC1
FYCO1,BrC1
G3BP2,BrC1
GAB1,BrC1
GABPA,BrC1
GABPB2,BrC1
GALC,BrC1
GALNT11,BrC1
GATS,BrC1
GCFC2,BrC1
GGNBP2,BrC1
GIGYF2,BrC1
GIT2,BrC1
GLTSCR1L,BrC1
GMEB1,BrC1
GMPS,BrC1
GNAQ,BrC1
GNPDA2,BrC1
GOLPH3,BrC1
GORAB,BrC1
GPATCH8,BrC1
GPBP1,BrC1
GTF2A1,BrC1
GTF2E1,BrC1
GTF2H1,BrC1
GTF2H3,BrC1
GTF2I,BrC1
GZF1,BrC1
H2AFV,BrC1
HACE1,BrC1
HAUS6,BrC1
HBP1,BrC1
HBS1L,BrC1
HCFC2,BrC1
HDAC4,BrC1
HDX,BrC1
HEATR5B,BrC1
HECA,BrC1
HELQ,BrC1
HELZ,BrC1
HERC1,BrC1
HERC3,BrC1
HERPUD2,BrC1
HIPK1,BrC1
HLF,BrC1
HMG20A,BrC1
HNRNPA0,BrC1
HNRNPH2,BrC1
HNRNPK,BrC1
HNRNPLL,BrC1
HNRNPR,BrC1
HOOK3,BrC1
HPS3,BrC1
IBTK,BrC1
ICK,BrC1
IDE,BrC1
IDS,BrC1
IFT57,BrC1
IGSF9B,BrC1
ING3,BrC1
INPP4A,BrC1
INPP5B,BrC1
INPP5F,BrC1
INSIG2,BrC1
INTS6,BrC1
INVS,BrC1
IPO8,BrC1
IPP,BrC1
IPPK,BrC1
IQGAP1,BrC1
IREB2,BrC1
ITCH,BrC1
ITFG1,BrC1
ITSN2,BrC1
IWS1,BrC1
JMY,BrC1
KANSL1L,BrC1
KAT6A,BrC1
KAT6B,BrC1
KCTD9,BrC1
KDM5A,BrC1
KDSR,BrC1
KHDRBS1,BrC1
KHNYN,BrC1
KIAA0232,BrC1
KIAA0430,BrC1
KIAA1109,BrC1
KIAA1143,BrC1
KIAA1147,BrC1
KIAA1551,BrC1
KIAA2022,BrC1
KIAA2026,BrC1
KIDINS220,BrC1
KIF13A,BrC1
KIF1B,BrC1
KIF20B,BrC1
KIF2A,BrC1
KIF3B,BrC1
KIF5B,BrC1
KIFAP3,BrC1
KLC1,BrC1
KLF12,BrC1
KLHL20,BrC1
KLHL24,BrC1
KLHL42,BrC1
KLHL7,BrC1
KMT2A,BrC1
KMT2C,BrC1
KMT2E,BrC1
KPNA6,BrC1
KRCC1,BrC1
KRIT1,BrC1
KRR1,BrC1
KTN1,BrC1
LAMP2,BrC1
LARP7,BrC1
LARS,BrC1
LATS1,BrC1
LCA5,BrC1
LCLAT1,BrC1
LCOR,BrC1
LCORL,BrC1
LEMD3,BrC1
LIN52,BrC1
LIN54,BrC1
LMAN1,BrC1
LMBR1,BrC1
LNPK,BrC1
LPCAT2,BrC1
LRCH3,BrC1
LRIG3,BrC1
LRP11,BrC1
LRP12,BrC1
LRPPRC,BrC1
LRRC40,BrC1
LRRC57,BrC1
LRRC58,BrC1
LRRK1,BrC1
LRRK2,BrC1
LSM11,BrC1
LSM14A,BrC1
LYSMD3,BrC1
MACF1,BrC1
MAGT1,BrC1
MALT1,BrC1
MAML2,BrC1
MAML3,BrC1
MAN2A1,BrC1
MANBA,BrC1
MAPK14,BrC1
MAPK9,BrC1
MARK3,BrC1
MAT2B,BrC1
MBD5,BrC1
MCC,BrC1
MCPH1,BrC1
MECP2,BrC1
MED12,BrC1
MED13,BrC1
MED13L,BrC1
MEF2D,BrC1
MEIS1,BrC1
METTL14,BrC1
METTL4,BrC1
METTL8,BrC1
MEX3C,BrC1
MFSD11,BrC1
MFSD14B,BrC1
MIER1,BrC1
MIGA1,BrC1
MINDY3,BrC1
MIS18BP1,BrC1
MKLN1,BrC1
MLLT10,BrC1
MOB1A,BrC1
MOB3B,BrC1
MOB4,BrC1
MORC3,BrC1
MPHOSPH10,BrC1
MPHOSPH8,BrC1
MR1,BrC1
MSANTD4,BrC1
MSL2,BrC1
MTM1,BrC1
MTMR3,BrC1
MTMR6,BrC1
MTRR,BrC1
MXI1,BrC1
MYNN,BrC1
MYO18A,BrC1
MYO9A,BrC1
MYOF,BrC1
NBAS,BrC1
NBEA,BrC1
NBN,BrC1
NBR1,BrC1
NCOA1,BrC1
NCOA3,BrC1
NCOR1,BrC1
NDFIP1,BrC1
NEDD4,BrC1
NEK1,BrC1
NEK4,BrC1
NEK9,BrC1
NEMF,BrC1
NEMP2,BrC1
NF1,BrC1
NFAT5,BrC1
NFYB,BrC1
NGLY1,BrC1
NHS,BrC1
NIPBL,BrC1
NKAP,BrC1
NMD3,BrC1
NME9,BrC1
NOL11,BrC1
NOL8,BrC1
NOL9,BrC1
NOM1,BrC1
NOTCH2,BrC1
NPEPPS,BrC1
NPHP3,BrC1
NR1D2,BrC1
NR3C2,BrC1
NSRP1,BrC1
NSUN4,BrC1
NT5C2,BrC1
NUB1,BrC1
NUCKS1,BrC1
NUDT21,BrC1
NUDT3,BrC1
NUMB,BrC1
NUP54,BrC1
NUP98,BrC1
NXF1,BrC1
OCRL,BrC1
OPA1,BrC1
ORC3,BrC1
OSBPL9,BrC1
OTUD4,BrC1
OTUD7B,BrC1
OXR1,BrC1
OXSR1,BrC1
PAFAH1B1,BrC1
PALLD,BrC1
PAPD5,BrC1
PAPLN,BrC1
PAPOLA,BrC1
PAPOLG,BrC1
PARP4,BrC1
PARP9,BrC1
PATL1,BrC1
PBX1,BrC1
PCF11,BrC1
PCGF5,BrC1
PCM1,BrC1
PCMTD1,BrC1
PCNP,BrC1
PCNT,BrC1
PCNX1,BrC1
PDCD6IP,BrC1
PDK3,BrC1
PDP1,BrC1
PDS5A,BrC1
PDS5B,BrC1
PELI2,BrC1
PGGT1B,BrC1
PGM2L1,BrC1
PHAX,BrC1
PHF2,BrC1
PHF20,BrC1
PHKB,BrC1
PHLPP2,BrC1
PIAS1,BrC1
PIGK,BrC1
PIK3C2A,BrC1
PIK3C3,BrC1
PIK3CB,BrC1
PIK3R1,BrC1
PIKFYVE,BrC1
PJA2,BrC1
PLAA,BrC1
PLCB4,BrC1
PLD1,BrC1
PLEKHA2,BrC1
PLEKHA3,BrC1
PLEKHA5,BrC1
PLEKHM3,BrC1
POLA1,BrC1
POLD3,BrC1
POLK,BrC1
POLR3F,BrC1
POM121C,BrC1
PPM1A,BrC1
PPP1CB,BrC1
PPP1CC,BrC1
PPP1R12A,BrC1
PPP1R12B,BrC1
PPP1R2,BrC1
PPP1R21,BrC1
PPP2R5C,BrC1
PPP2R5E,BrC1
PPP3CB,BrC1
PPP4R1,BrC1
PPP4R2,BrC1
PPP4R3B,BrC1
PRDM2,BrC1
PRDM4,BrC1
PRKAA1,BrC1
PRKAB2,BrC1
PRKACB,BrC1
PRKD3,BrC1
PRPF40A,BrC1
PRRC1,BrC1
PRRC2C,BrC1
PSEN1,BrC1
PSIP1,BrC1
PTCH1,BrC1
PTK2,BrC1
PTPN13,BrC1
PTPN14,BrC1
PTPN21,BrC1
PTPN9,BrC1
PTPRA,BrC1
PUM2,BrC1
PURB,BrC1
PWWP2A,BrC1
PYGO1,BrC1
PYROXD1,BrC1
QTRT2,BrC1
RAB11FIP2,BrC1
RAB14,BrC1
RAB22A,BrC1
RAB28,BrC1
RAB30,BrC1
RAB3GAP2,BrC1
RABGAP1,BrC1
RAD17,BrC1
RAD21,BrC1
RAD50,BrC1
RALBP1,BrC1
RALGAPA1,BrC1
RALGAPB,BrC1
RANBP2,BrC1
RANBP9,BrC1
RARS,BrC1
RB1CC1,BrC1
RBBP5,BrC1
RBFOX2,BrC1
RBL1,BrC1
RBL2,BrC1
RBM12,BrC1
RBM27,BrC1
RBM43,BrC1
RBMXL1,BrC1
RBSN,BrC1
RC3H2,BrC1
RERE,BrC1
REST,BrC1
RFWD2,BrC1
RFWD3,BrC1
RFXAP,BrC1
RHBDD1,BrC1
RHOT1,BrC1
RIF1,BrC1
RIN2,BrC1
RIOK2,BrC1
RNF111,BrC1
RNF13,BrC1
RNF146,BrC1
RNF168,BrC1
RNF169,BrC1
RNF20,BrC1
RNF213,BrC1
RNF217,BrC1
RNF219,BrC1
RNF38,BrC1
RNGTT,BrC1
ROCK1,BrC1
ROR1,BrC1
RPP14,BrC1
RPRD1B,BrC1
RPS6KB1,BrC1
RRM2B,BrC1
RSBN1,BrC1
RSF1,BrC1
RSRC1,BrC1
RTF1,BrC1
RUBCN,BrC1
RWDD4,BrC1
RYBP,BrC1
RYK,BrC1
SACM1L,BrC1
SACS,BrC1
SAMD4B,BrC1
SATB1,BrC1
SAV1,BrC1
SCAF4,BrC1
SCAMP1,BrC1
SCAPER,BrC1
SCARB2,BrC1
SCFD1,BrC1
SCRN1,BrC1
SEC23IP,BrC1
SEC31A,BrC1
SEC63,BrC1
SECISBP2L,BrC1
SENP1,BrC1
SENP2,BrC1
SET,BrC1
SETBP1,BrC1
SETD2,BrC1
SGCE,BrC1
SGMS1,BrC1
SHPRH,BrC1
SIK3,BrC1
SIMC1,BrC1
SIRT1,BrC1
SKIV2L2,BrC1
SLC12A6,BrC1
SLC15A4,BrC1
SLC30A5,BrC1
SLC30A6,BrC1
SLC35A5,BrC1
SLC35B3,BrC1
SLC35D1,BrC1
SLC37A3,BrC1
SLC38A9,BrC1
SLC39A10,BrC1
SLK,BrC1
SLTM,BrC1
SLU7,BrC1
SMAD2,BrC1
SMAD4,BrC1
SMAD5,BrC1
SMARCA5,BrC1
SMARCE1,BrC1
SMC2,BrC1
SMC4,BrC1
SMC6,BrC1
SMG7,BrC1
SMNDC1,BrC1
SMU1,BrC1
SNAP23,BrC1
SNTB2,BrC1
SNW1,BrC1
SNX1,BrC1
SNX14,BrC1
SNX30,BrC1
SNX33,BrC1
SNX4,BrC1
SOCS6,BrC1
SOGA1,BrC1
SOX13,BrC1
SP2,BrC1
SP3,BrC1
SP4,BrC1
SPAST,BrC1
SPG20,BrC1
SPOP,BrC1
SPRTN,BrC1
SPTAN1,BrC1
SPTLC1,BrC1
SPTY2D1,BrC1
SRBD1,BrC1
SREK1IP1,BrC1
SRP54,BrC1
SRP72,BrC1
SRSF8,BrC1
SSBP2,BrC1
SSFA2,BrC1
ST7,BrC1
STAG1,BrC1
STAG2,BrC1
STAM,BrC1
STAM2,BrC1
STAT5B,BrC1
STAU1,BrC1
STT3B,BrC1
STXBP3,BrC1
STXBP4,BrC1
SUGT1,BrC1
SUZ12,BrC1
SVIL,BrC1
SWT1,BrC1
SYDE2,BrC1
SYNCRIP,BrC1
SYNE2,BrC1
SYNJ1,BrC1
SYNJ2BP,BrC1
SYPL1,BrC1
TAB2,BrC1
TAF1,BrC1
TAF15,BrC1
TAF2,BrC1
TAF3,BrC1
TAF7,BrC1
TAF9B,BrC1
TAOK3,BrC1
TARSL2,BrC1
TAX1BP1,BrC1
TBC1D12,BrC1
TBC1D20,BrC1
TBC1D23,BrC1
TBC1D5,BrC1
TBC1D8B,BrC1
TBCCD1,BrC1
TBK1,BrC1
TBL1X,BrC1
TCAF1,BrC1
TCEA1,BrC1
TCF12,BrC1
TCP11L2,BrC1
TDRD3,BrC1
TDRD7,BrC1
TEP1,BrC1
TERF1,BrC1
TERF2,BrC1
TERF2IP,BrC1
TFAM,BrC1
TFDP2,BrC1
TGS1,BrC1
THAP5,BrC1
THOC2,BrC1
THRB,BrC1
TIPRL,BrC1
TLE4,BrC1
TLK2,BrC1
TM2D3,BrC1
TM9SF3,BrC1
TMEM106B,BrC1
TMEM110,BrC1
TMEM117,BrC1
TMEM123,BrC1
TMEM131,BrC1
TMEM167B,BrC1
TMEM170A,BrC1
TMEM184C,BrC1
TMEM209,BrC1
TMEM248,BrC1
TMEM30A,BrC1
TMEM57,BrC1
TMOD2,BrC1
TMTC3,BrC1
TMX3,BrC1
TMX4,BrC1
TNPO1,BrC1
TNPO3,BrC1
TOGARAM1,BrC1
TOP1,BrC1
TOP2B,BrC1
TOPBP1,BrC1
TOPORS,BrC1
TOR1AIP1,BrC1
TOX4,BrC1
TP53BP2,BrC1
TRAF3IP1,BrC1
TRAF6,BrC1
TRAK1,BrC1
TRAPPC8,BrC1
TRIM23,BrC1
TRIM24,BrC1
TRIM37,BrC1
TRIQK,BrC1
TRMT1L,BrC1
TRMT5,BrC1
TRNT1,BrC1
TSN,BrC1
TTBK2,BrC1
TTC28,BrC1
TTC3,BrC1
TTC33,BrC1
TTF1,BrC1
TUBGCP3,BrC1
TULP3,BrC1
TWISTNB,BrC1
TXNDC16,BrC1
TYW3,BrC1
UBA3,BrC1
UBE2G1,BrC1
UBE2K,BrC1
UBE4A,BrC1
UBL3,BrC1
UBQLN2,BrC1
UBR1,BrC1
UBR2,BrC1
UBR5,BrC1
UBR7,BrC1
UBTD2,BrC1
UBXN4,BrC1
UBXN7,BrC1
UEVLD,BrC1
UHRF1BP1L,BrC1
UIMC1,BrC1
ULK2,BrC1
UNC13B,BrC1
UPF2,BrC1
UPRT,BrC1
URI1,BrC1
USF3,BrC1
USP1,BrC1
USP10,BrC1
USP16,BrC1
USP25,BrC1
USP32,BrC1
USP37,BrC1
USP38,BrC1
USP4,BrC1
USP42,BrC1
USP51,BrC1
USP8,BrC1
UTP14C,BrC1
UTP23,BrC1
VAPA,BrC1
VCPIP1,BrC1
VEZF1,BrC1
VHL,BrC1
VMA21,BrC1
VPS13B,BrC1
VPS13C,BrC1
VPS26A,BrC1
VPS35,BrC1
VPS41,BrC1
VPS4B,BrC1
VPS54,BrC1
VRK2,BrC1
VTA1,BrC1
WAC,BrC1
WAPL,BrC1
WASHC2A,BrC1
WASHC2C,BrC1
WASHC4,BrC1
WASHC5,BrC1
WASL,BrC1
WBP11,BrC1
WBP4,BrC1
WDR20,BrC1
WDR26,BrC1
WDR36,BrC1
WDR44,BrC1
WDR47,BrC1
WDR48,BrC1
WDR60,BrC1
WDR7,BrC1
WHAMM,BrC1
WWC2,BrC1
WWC3,BrC1
WWP1,BrC1
XIAP,BrC1
XPR1,BrC1
XRCC5,BrC1
XRN2,BrC1
YAP1,BrC1
YIPF4,BrC1
YIPF6,BrC1
YLPM1,BrC1
YME1L1,BrC1
YTHDF3,BrC1
YWHAQ,BrC1
ZBED6,BrC1
ZBTB11,BrC1
ZBTB14,BrC1
ZBTB2,BrC1
ZBTB20,BrC1
ZBTB38,BrC1
ZBTB4,BrC1
ZBTB44,BrC1
ZBTB6,BrC1
ZC3H7A,BrC1
ZC3HAV1,BrC1
ZCCHC11,BrC1
ZCCHC14,BrC1
ZCCHC7,BrC1
ZDBF2,BrC1
ZDHHC15,BrC1
ZDHHC20,BrC1
ZFAND1,BrC1
ZFP1,BrC1
ZFP91,BrC1
ZFX,BrC1
ZFYVE1,BrC1
ZFYVE16,BrC1
ZHX2,BrC1
ZMIZ1,BrC1
ZMYND11,BrC1
ZNF131,BrC1
ZNF134,BrC1
ZNF143,BrC1
ZNF146,BrC1
ZNF148,BrC1
ZNF197,BrC1
ZNF221,BrC1
ZNF24,BrC1
ZNF264,BrC1
ZNF28,BrC1
ZNF322,BrC1
ZNF347,BrC1
ZNF354A,BrC1
ZNF354C,BrC1
ZNF37A,BrC1
ZNF395,BrC1
ZNF426,BrC1
ZNF468,BrC1
ZNF470,BrC1
ZNF501,BrC1
ZNF507,BrC1
ZNF510,BrC1
ZNF521,BrC1
ZNF532,BrC1
ZNF569,BrC1
ZNF570,BrC1
ZNF592,BrC1
ZNF595,BrC1
ZNF597,BrC1
ZNF614,BrC1
ZNF624,BrC1
ZNF638,BrC1
ZNF639,BrC1
ZNF669,BrC1
ZNF677,BrC1
ZNF699,BrC1
ZNF704,BrC1
ZNF765,BrC1
ZNF805,BrC1
ZNF813,BrC1
ZNF829,BrC1
ZNF845,BrC1
ZNF850,BrC1
ZNHIT6,BrC1
ZNRF3,BrC1
ZRANB1,BrC1
ZXDA,BrC1
ZXDB,BrC1
AATF,BrC11
ABCE1,BrC11
ABCF1,BrC11
ABCF2,BrC11
ACTR1A,BrC11
ADRM1,BrC11
ADSL,BrC11
AEN,BrC11
AGPAT5,BrC11
AHSA1,BrC11
AIMP2,BrC11
ALG3,BrC11
AMD1,BrC11
ARF1,BrC11
ARF4,BrC11
ARFGAP3,BrC11
ARHGDIA,BrC11
ARMC6,BrC11
ARPC5L,BrC11
ATAD3A,BrC11
ATP1B3,BrC11
B4GALT5,BrC11
BCCIP,BrC11
BEND3,BrC11
BMS1,BrC11
BOLA3,BrC11
BOP1,BrC11
BRIX1,BrC11
BYSL,BrC11
BZW1,BrC11
BZW2,BrC11
C1QBP,BrC11
CAPN15,BrC11
CCDC47,BrC11
CCDC86,BrC11
CCT2,BrC11
CCT3,BrC11
CCT5,BrC11
CCT6A,BrC11
CCT7,BrC11
CCT8,BrC11
CD3EAP,BrC11
CIAPIN1,BrC11
CMSS1,BrC11
COA7,BrC11
CTPS1,BrC11
CTU2,BrC11
DAZAP1,BrC11
DCAF13,BrC11
DCUN1D5,BrC11
DDX10,BrC11
DDX19A,BrC11
DDX21,BrC11
DESI1,BrC11
DHX33,BrC11
DHX37,BrC11
DIMT1,BrC11
DKC1,BrC11
DNAJC2,BrC11
DNAJC25,BrC11
DNTTIP2,BrC11
DOHH,BrC11
DOT1L,BrC11
DPH2,BrC11
DPP3,BrC11
E2F4,BrC11
EBNA1BP2,BrC11
ECE2,BrC11
EEF2KMT,BrC11
EI24,BrC11
EIF1AX,BrC11
EIF2S1,BrC11
EIF2S2,BrC11
EIF3B,BrC11
EIF3J,BrC11
EIF4A1,BrC11
EIF4E,BrC11
EIF4G1,BrC11
EIF5A,BrC11
ENO1,BrC11
ETF1,BrC11
FAM57A,BrC11
FARSA,BrC11
FARSB,BrC11
FPGS,BrC11
FTSJ1,BrC11
FXN,BrC11
G3BP1,BrC11
GARS,BrC11
GART,BrC11
GATAD2A,BrC11
GFM1,BrC11
GLRX3,BrC11
GNL2,BrC11
GNL3,BrC11
GNPNAT1,BrC11
GORASP2,BrC11
GPATCH4,BrC11
GRPEL1,BrC11
GRWD1,BrC11
GSPT1,BrC11
GTF3C6,BrC11
GTPBP4,BrC11
HEATR1,BrC11
HGH1,BrC11
HK1,BrC11
HM13,BrC11
HNRNPAB,BrC11
HNRNPF,BrC11
HPRT1,BrC11
HSP90AB1,BrC11
HSPA4,BrC11
HSPA9,BrC11
HSPD1,BrC11
HSPE1,BrC11
HYOU1,BrC11
IARS,BrC11
IDH3A,BrC11
IFRD2,BrC11
ILF2,BrC11
IMP4,BrC11
IPO4,BrC11
IPO7,BrC11
IRAK1,BrC11
KARS,BrC11
KDELR2,BrC11
KPNB1,BrC11
LAPTM4B,BrC11
LARP4,BrC11
LDHA,BrC11
LMNB2,BrC11
LRRC59,BrC11
LSM12,BrC11
LTV1,BrC11
LYAR,BrC11
MAK16,BrC11
MAPKAPK2,BrC11
MARS,BrC11
MARS2,BrC11
MCMBP,BrC11
METTL1,BrC11
MRPL15,BrC11
MRPL3,BrC11
MRPL4,BrC11
MRTO4,BrC11
MT2A,BrC11
MTHFD1L,BrC11
NAA15,BrC11
NAA50,BrC11
NACC1,BrC11
NAMPT,BrC11
NARS,BrC11
NAT10,BrC11
NCBP2,BrC11
NCL,BrC11
NCLN,BrC11
NDUFAF4,BrC11
NIFK,BrC11
NIP7,BrC11
NIPA2,BrC11
NLE1,BrC11
NLN,BrC11
NME1,BrC11
NOL10,BrC11
NOL6,BrC11
NOLC1,BrC11
NOP14,BrC11
NOP16,BrC11
NOP2,BrC11
NOP56,BrC11
NOP58,BrC11
NTMT1,BrC11
NUP88,BrC11
NUS1,BrC11
NUTF2,BrC11
OGFOD1,BrC11
OSMR,BrC11
PA2G4,BrC11
PAICS,BrC11
PAK1IP1,BrC11
PANX1,BrC11
PDCD11,BrC11
PDE12,BrC11
PDF,BrC11
PDSS1,BrC11
PES1,BrC11
PFAS,BrC11
PFDN2,BrC11
PGAM1,BrC11
PGAM5,BrC11
PGK1,BrC11
PHC2,BrC11
PIGW,BrC11
PINX1,BrC11
PITPNB,BrC11
PMM2,BrC11
PNO1,BrC11
PNPT1,BrC11
POLD2,BrC11
POLR1A,BrC11
POLR1C,BrC11
POLR2D,BrC11
POLR3D,BrC11
POP1,BrC11
PPAN,BrC11
PPIL1,BrC11
PPM1G,BrC11
PPRC1,BrC11
PRKDC,BrC11
PRPS1,BrC11
PSMC2,BrC11
PSMC4,BrC11
PSMD1,BrC11
PSMD11,BrC11
PSMD12,BrC11
PSMD14,BrC11
PSMD2,BrC11
PSMD6,BrC11
PSMD7,BrC11
PSME3,BrC11
PSMG1,BrC11
PTRH2,BrC11
PUM3,BrC11
PUS1,BrC11
PUS7,BrC11
PVR,BrC11
PWP1,BrC11
QSOX2,BrC11
RABGGTB,BrC11
RAN,BrC11
RIOK1,BrC11
RNF4,BrC11
RPF2,BrC11
RPL7L1,BrC11
RPN1,BrC11
RPP40,BrC11
RRP1,BrC11
RRP12,BrC11
RRP15,BrC11
RRP1B,BrC11
RRP36,BrC11
RRP9,BrC11
RRS1,BrC11
RUVBL1,BrC11
SBNO2,BrC11
SDCCAG3,BrC11
SEC61A1,BrC11
SEH1L,BrC11
SELENOS,BrC11
SERBP1,BrC11
SLC25A22,BrC11
SLC25A32,BrC11
SLC25A5,BrC11
SLC7A1,BrC11
SMIM12,BrC11
SNRPB,BrC11
SNRPD1,BrC11
SRFBP1,BrC11
SRM,BrC11
SRP19,BrC11
SRPRB,BrC11
SRXN1,BrC11
STAT3,BrC11
STIP1,BrC11
STRAP,BrC11
SURF4,BrC11
SUV39H2,BrC11
TAF1D,BrC11
TARS,BrC11
TCP1,BrC11
TIMM17A,BrC11
TIMM23,BrC11
TIMM8A,BrC11
TMEM185B,BrC11
TMX2,BrC11
TNIP2,BrC11
TOMM40,BrC11
TOMM40L,BrC11
TP53RK,BrC11
TPI1,BrC11
TRMT6,BrC11
TRMT61A,BrC11
TSR1,BrC11
TUBA1C,BrC11
TUBB4B,BrC11
TWNK,BrC11
UAP1,BrC11
UBE2D3,BrC11
UBE2G2,BrC11
UBE2N,BrC11
UBQLN1,BrC11
UCK2,BrC11
URB1,BrC11
URB2,BrC11
USB1,BrC11
UTP11,BrC11
UTP14A,BrC11
UTP20,BrC11
UTP4,BrC11
VARS,BrC11
VCP,BrC11
VDAC1,BrC11
WDR12,BrC11
WDR3,BrC11
WDR4,BrC11
WDR43,BrC11
WDR46,BrC11
WDR77,BrC11
WIZ,BrC11
XPO5,BrC11
XPOT,BrC11
YARS,BrC11
YKT6,BrC11
YRDC,BrC11
ZC3H15,BrC11
ZDHHC9,BrC11
ZNF598,BrC11
ZPR1,BrC11
ABC13-47488600E17.1,BrC24
ACTR3B,BrC24
ADGRA3,BrC24
ADORA1,BrC24
ANXA8L1,BrC24
APBA1,BrC24
ATL2,BrC24
ATP13A4,BrC24
ATP13A5,BrC24
ATP6V1B1,BrC24
B3GALT5,BrC24
B3GNT3,BrC24
C10orf90,BrC24
C15orf52,BrC24
C19orf57,BrC24
C1orf116,BrC24
C2orf88,BrC24
CARD11,BrC24
CARD9,BrC24
CCDC88B,BrC24
CCL28,BrC24
CDCA7L,BrC24
CELF5,BrC24
CHRM1,BrC24
CHST9,BrC24
CITED4,BrC24
CLDN8,BrC24
CMTM7,BrC24
COBL,BrC24
CX3CL1,BrC24
DAPP1,BrC24
DSC2,BrC24
DTNB,BrC24
EFNA5,BrC24
EGF,BrC24
EHF,BrC24
ELF5,BrC24
ENTPD6,BrC24
EPCAM,BrC24
EPHB3,BrC24
ERN1,BrC24
EYA2,BrC24
F2RL1,BrC24
FA2H,BrC24
FAM167A,BrC24
FAM3D,BrC24
FBN3,BrC24
FOXI1,BrC24
FUT9,BrC24
GABRP,BrC24
GGA2,BrC24
GRAMD2,BrC24
HPS5,BrC24
HS3ST4,BrC24
KCNC4,BrC24
KCNN4,BrC24
KCNQ4,BrC24
KCTD14,BrC24
KIT,BrC24
KLF5,BrC24
KLK5,BrC24
KLK6,BrC24
KLK7,BrC24
KLK8,BrC24
KRT15,BrC24
LRRC4C,BrC24
LRRN2,BrC24
MAP3K21,BrC24
NALCN,BrC24
NDRG2,BrC24
NEURL3,BrC24
NFKBIZ,BrC24
NIPAL1,BrC24
NRG3,BrC24
OFD1,BrC24
OSBPL3,BrC24
PADI2,BrC24
PDE7A,BrC24
PLCH1,BrC24
PLEKHB1,BrC24
PLEKHS1,BrC24
PLPP2,BrC24
POLR2F,BrC24
PPP1R14C,BrC24
PROM1,BrC24
PTCHD1,BrC24
PYROXD2,BrC24
RAB36,BrC24
RASAL1,BrC24
RASGEF1C,BrC24
RASL10A,BrC24
ROPN1,BrC24
ROPN1B,BrC24
RUNX3,BrC24
SLC13A2,BrC24
SLC5A1,BrC24
SLC6A14,BrC24
SLFN13,BrC24
SOX8,BrC24
SPATA18,BrC24
ST8SIA1,BrC24
STX19,BrC24
TGFA,BrC24
TMEM71,BrC24
TMPRSS2,BrC24
TPD52L1,BrC24
TRIM2,BrC24
TTYH1,BrC24
UGT8,BrC24
VDR,BrC24
VGLL1,BrC24
WNK2,BrC24
ZNF774,BrC24
ABCA5,BrC3
ABHD18,BrC3
ABI1,BrC3
ACVR2A,BrC3
ADAT2,BrC3
ADNP2,BrC3
AEBP2,BrC3
AFDN,BrC3
AFF4,BrC3
AGAP9,BrC3
AGO3,BrC3
AGO4,BrC3
AHI1,BrC3
AKAP9,BrC3
ALG10,BrC3
ALG10B,BrC3
AMY2B,BrC3
ANGEL2,BrC3
ANKAR,BrC3
ANKLE2,BrC3
ANKRA2,BrC3
ANKRD26,BrC3
ANKRD36,BrC3
ANKRD36B,BrC3
ANKRD36C,BrC3
ANKRD61,BrC3
AP1AR,BrC3
AP1G1,BrC3
APAF1,BrC3
APH1B,BrC3
ARAP2,BrC3
ARF6,BrC3
ARFGEF1,BrC3
ARFGEF2,BrC3
ARHGAP12,BrC3
ARHGAP5,BrC3
ARID2,BrC3
ARID4A,BrC3
ARIH1,BrC3
ARMCX4,BrC3
ASB14,BrC3
ASXL1,BrC3
ATAD1,BrC3
ATAD2B,BrC3
ATAD5,BrC3
ATG14,BrC3
ATG2B,BrC3
ATM,BrC3
ATP2B1,BrC3
ATP6V0A2,BrC3
ATXN3,BrC3
ATXN7,BrC3
AVL9,BrC3
B3GAT2,BrC3
B3GNT2,BrC3
B4GALT4,BrC3
BARD1,BrC3
BAZ1A,BrC3
BAZ2A,BrC3
BAZ2B,BrC3
BBIP1,BrC3
BCLAF1,BrC3
BCO2,BrC3
BEAN1,BrC3
BRAF,BrC3
BRWD1,BrC3
BRWD3,BrC3
BTAF1,BrC3
C12orf66,BrC3
C1orf27,BrC3
C1orf52,BrC3
C2CD5,BrC3
C3orf35,BrC3
C4orf46,BrC3
C5orf15,BrC3
C5orf42,BrC3
C6orf201,BrC3
C9orf72,BrC3
CAAP1,BrC3
CACUL1,BrC3
CAND1,BrC3
CAPS2,BrC3
CARF,BrC3
CASD1,BrC3
CBFB,BrC3
CBX5,BrC3
CCAR1,BrC3
CCDC112,BrC3
CCDC146,BrC3
CCDC186,BrC3
CCDC84,BrC3
CCDC85C,BrC3
CCDC91,BrC3
CCDC93,BrC3
CCNC,BrC3
CCNT1,BrC3
CCNT2,BrC3
CCP110,BrC3
CCSAP,BrC3
CD2AP,BrC3
CD46,BrC3
CDC42SE2,BrC3
CEBPZOS,BrC3
CELF1,BrC3
CENPC,BrC3
CEP135,BrC3
CEP290,BrC3
CEP57,BrC3
CEP83,BrC3
CEP95,BrC3
CEPT1,BrC3
CFAP69,BrC3
CHD1,BrC3
CHD2,BrC3
CHIC1,BrC3
CHRM5,BrC3
CIPC,BrC3
CLASP2,BrC3
CLCN6,BrC3
CLDN20,BrC3
CLEC2D,BrC3
CLINT1,BrC3
CLK1,BrC3
CLK4,BrC3
CLMN,BrC3
CLN5,BrC3
CLN8,BrC3
CNOT2,BrC3
CNOT6,BrC3
CNOT9,BrC3
COG1,BrC3
COX18,BrC3
CPEB2,BrC3
CPEB4,BrC3
CRY1,BrC3
CSNK1A1,BrC3
CSNK1G3,BrC3
CTDSPL2,BrC3
CTNND1,BrC3
CUL4A,BrC3
CUL5,BrC3
CWC25,BrC3
CWF19L1,BrC3
CXorf23,BrC3
CXorf57,BrC3
CYLD,BrC3
DBF4,BrC3
DCAF16,BrC3
DCAF8,BrC3
DCBLD2,BrC3
DCP2,BrC3
DCTN4,BrC3
DCUN1D2,BrC3
DCUN1D4,BrC3
DDHD1,BrC3
DDX5,BrC3
DDX59,BrC3
DENND2C,BrC3
DENND4A,BrC3
DENND6A,BrC3
DGKE,BrC3
DGKH,BrC3
DHX15,BrC3
DHX38,BrC3
DHX57,BrC3
DICER1,BrC3
DMXL1,BrC3
DNAJB14,BrC3
DNAJC10,BrC3
DNAJC24,BrC3
DNM1L,BrC3
DOCK5,BrC3
DOPEY1,BrC3
DOPEY2,BrC3
DPH6,BrC3
DPY19L3,BrC3
DVL3,BrC3
DZIP1L,BrC3
DZIP3,BrC3
EBLN2,BrC3
ECD,BrC3
ECT2L,BrC3
EEF2K,BrC3
EFCAB2,BrC3
EIF2AK3,BrC3
ELK4,BrC3
ELMOD2,BrC3
ELMSAN1,BrC3
EML4,BrC3
EML6,BrC3
ENTPD4,BrC3
EPG5,BrC3
EPS15,BrC3
ERICH1,BrC3
ERMAP,BrC3
ERO1B,BrC3
ETNK1,BrC3
EXOC1,BrC3
EXOSC9,BrC3
FAM102B,BrC3
FAM117B,BrC3
FAM126B,BrC3
FAM133B,BrC3
FAM204A,BrC3
FAM214A,BrC3
FAM76B,BrC3
FAM91A1,BrC3
FANCM,BrC3
FAR1,BrC3
FARP2,BrC3
FBXL20,BrC3
FBXO3,BrC3
FBXW8,BrC3
FGD6,BrC3
FKBP14,BrC3
FKTN,BrC3
FLVCR1,BrC3
FMN1,BrC3
FMR1,BrC3
FNBP4,BrC3
FNDC3A,BrC3
FNIP1,BrC3
FOXJ3,BrC3
FPGT,BrC3
FRMD4B,BrC3
FRS2,BrC3
FSD1L,BrC3
FSIP2,BrC3
FZD6,BrC3
G2E3,BrC3
GAPVD1,BrC3
GATAD1,BrC3
GATAD2B,BrC3
GCC2,BrC3
GDAP2,BrC3
GK5,BrC3
GLMN,BrC3
GNPTAB,BrC3
GNRH1,BrC3
GOLGA1,BrC3
GOLGA2,BrC3
GOLGA8N,BrC3
GOLGA8R,BrC3
GOLGB1,BrC3
GON4L,BrC3
GOPC,BrC3
GP1BA,BrC3
GPALPP1,BrC3
GPATCH2,BrC3
GPATCH2L,BrC3
GPRASP1,BrC3
GSAP,BrC3
GSTCD,BrC3
GTPBP10,BrC3
GUF1,BrC3
GULP1,BrC3
HAUS3,BrC3
HECTD2,BrC3
HECTD4,BrC3
HGSNAT,BrC3
HMBOX1,BrC3
HMGB1,BrC3
HMGN5,BrC3
HMGXB4,BrC3
HNRNPA1L2,BrC3
HNRNPA3,BrC3
HNRNPDL,BrC3
HNRNPU,BrC3
HSF2,BrC3
HSPBAP1,BrC3
HTT,BrC3
HUS1,BrC3
ICA1L,BrC3
IFT88,BrC3
IKZF2,BrC3
IKZF5,BrC3
IMPACT,BrC3
INO80D,BrC3
INTS2,BrC3
IPCEF1,BrC3
IRAK4,BrC3
IST1,BrC3
ITPR2,BrC3
JARID2,BrC3
JMJD1C,BrC3
KATNBL1,BrC3
KCNIP4,BrC3
KCTD3,BrC3
KDM3A,BrC3
KDM6A,BrC3
KIAA1217,BrC3
KIAA1468,BrC3
KIF27,BrC3
KIZ,BrC3
KLHDC1,BrC3
KLHL28,BrC3
KNTC1,BrC3
KPNA5,BrC3
KRAS,BrC3
L3MBTL3,BrC3
LANCL1,BrC3
LARP1B,BrC3
LARP4B,BrC3
LGALS8,BrC3
LIMD1,BrC3
LIN7C,BrC3
LMBRD2,BrC3
LMLN,BrC3
LRIG2,BrC3
LRP2BP,BrC3
LRP6,BrC3
LRRC49,BrC3
LRRCC1,BrC3
LRRFIP2,BrC3
LSM8,BrC3
LTN1,BrC3
LUC7L2,BrC3
LY6G5B,BrC3
MAGI1,BrC3
MAP2K4,BrC3
MAP3K2,BrC3
MAP3K7,BrC3
MAP4K3,BrC3
MAP4K5,BrC3
MAP9,BrC3
MAPK8,BrC3
MARCH1,BrC3
MARCH5,BrC3
MARCH6,BrC3
MARCH7,BrC3
MASP2,BrC3
MASTL,BrC3
MBIP,BrC3
MBNL2,BrC3
MBTD1,BrC3
MBTPS2,BrC3
MCL1,BrC3
MDM1,BrC3
MDM4,BrC3
MED14,BrC3
MED23,BrC3
MED4,BrC3
METTL15,BrC3
MFN1,BrC3
MFSD14A,BrC3
MFSD4B,BrC3
MFSD8,BrC3
MGEA5,BrC3
MIB1,BrC3
MICU3,BrC3
MIER3,BrC3
MINDY2,BrC3
MOB1B,BrC3
MON2,BrC3
MPP5,BrC3
MRE11,BrC3
MRPL42,BrC3
MRRF,BrC3
MSL3,BrC3
MSS51,BrC3
MTF2,BrC3
MTMR1,BrC3
MTMR7,BrC3
MTPAP,BrC3
MTR,BrC3
MTX3,BrC3
MYBL1,BrC3
MYEF2,BrC3
MYO5C,BrC3
MYSM1,BrC3
N4BP2L1,BrC3
N4BP2L2,BrC3
NAA25,BrC3
NADK2,BrC3
NAF1,BrC3
NAPG,BrC3
NBPF10,BrC3
NBPF11,BrC3
NBPF12,BrC3
NBPF19,BrC3
NCBP1,BrC3
NCBP3,BrC3
NCOA2,BrC3
NDFIP2,BrC3
NDUFA5,BrC3
NDUFAF5,BrC3
NECAP1,BrC3
NEDD1,BrC3
NEK3,BrC3
NEK5,BrC3
NEMP1,BrC3
NEPRO,BrC3
NFIB,BrC3
NHLRC2,BrC3
NHLRC3,BrC3
NIPAL2,BrC3
NKTR,BrC3
NOC3L,BrC3
NPAT,BrC3
NR2C1,BrC3
NR2C2,BrC3
NRDE2,BrC3
NRG4,BrC3
NSD2,BrC3
NSUN3,BrC3
NT5C3A,BrC3
NT5DC3,BrC3
NUBPL,BrC3
NUFIP2,BrC3
NUP107,BrC3
NUP153,BrC3
NUP155,BrC3
NUP58,BrC3
ODF2L,BrC3
OGFRL1,BrC3
OPHN1,BrC3
ORC2,BrC3
ORMDL1,BrC3
OTUD6B,BrC3
OTULIN,BrC3
OVGP1,BrC3
PAK3,BrC3
PAN3,BrC3
PANK3,BrC3
PAPD4,BrC3
PAQR3,BrC3
PARP11,BrC3
PARP8,BrC3
PCGF3,BrC3
PDE6C,BrC3
PDLIM5,BrC3
PDXDC1,BrC3
PER2,BrC3
PEX1,BrC3
PFKFB2,BrC3
PGAP1,BrC3
PGBD1,BrC3
PHC3,BrC3
PHF10,BrC3
PHF20L1,BrC3
PHF3,BrC3
PHIP,BrC3
PHKA1,BrC3
PHTF2,BrC3
PI4K2B,BrC3
PIAS2,BrC3
PIBF1,BrC3
PIGG,BrC3
PIGL,BrC3
PIGN,BrC3
PIP5K1A,BrC3
PKN2,BrC3
PKP4,BrC3
PLEKHA1,BrC3
PLEKHH2,BrC3
POLI,BrC3
POLR3A,BrC3
POT1,BrC3
POU2F1,BrC3
POU6F1,BrC3
PPIG,BrC3
PPIL4,BrC3
PPIP5K2,BrC3
PPP1R9A,BrC3
PPP2R2A,BrC3
PPP4R3A,BrC3
PPP6R3,BrC3
PPWD1,BrC3
PRDM10,BrC3
PRDM5,BrC3
PRMT3,BrC3
PRMT9,BrC3
PROSER1,BrC3
PRPF38B,BrC3
PRPF4B,BrC3
PRTG,BrC3
PSMC6,BrC3
PSME4,BrC3
PTAR1,BrC3
PTBP2,BrC3
PTBP3,BrC3
PTPN4,BrC3
QSER1,BrC3
RAB18,BrC3
RAB2B,BrC3
RABGAP1L,BrC3
RABGEF1,BrC3
RAD54L2,BrC3
RAPGEF6,BrC3
RASA1,BrC3
RBAK,BrC3
RBBP6,BrC3
RBM15,BrC3
RBM25,BrC3
RBM26,BrC3
RBM33,BrC3
RBPJ,BrC3
RC3H1,BrC3
RCBTB1,BrC3
RCOR3,BrC3
REL,BrC3
REPS2,BrC3
REV1,BrC3
RFX3,BrC3
RFX7,BrC3
RIC1,BrC3
RICTOR,BrC3
RINT1,BrC3
RIOK3,BrC3
RLF,BrC3
RLIM,BrC3
RNF103,BrC3
RNF149,BrC3
RNF32,BrC3
RNMT,BrC3
RNPC3,BrC3
RORA,BrC3
RPS6KA5,BrC3
RREB1,BrC3
RSBN1L,BrC3
RSPRY1,BrC3
RSRC2,BrC3
RTTN,BrC3
RUFY2,BrC3
RUFY3,BrC3
SCAF11,BrC3
SCAF8,BrC3
SCLT1,BrC3
SCML1,BrC3
SCOC,BrC3
SCYL2,BrC3
SDCCAG8,BrC3
SEC16B,BrC3
SEC24B,BrC3
SECISBP2,BrC3
SELENOI,BrC3
SEMA6A,BrC3
SENP5,BrC3
SENP6,BrC3
SENP7,BrC3
SEPSECS,BrC3
SERINC5,BrC3
SETD5,BrC3
SF3B1,BrC3
SFMBT2,BrC3
SFPQ,BrC3
SFSWAP,BrC3
SFT2D2,BrC3
SH3RF1,BrC3
SIAH1,BrC3
SLC10A7,BrC3
SLC23A2,BrC3
SLC25A13,BrC3
SLC25A36,BrC3
SLC25A46,BrC3
SLC30A7,BrC3
SLC30A9,BrC3
SLC35A3,BrC3
SLC35E3,BrC3
SLC35F5,BrC3
SLC4A5,BrC3
SLC4A7,BrC3
SLC9A8,BrC3
SMC5,BrC3
SMCHD1,BrC3
SMURF2,BrC3
SNIP1,BrC3
SOCS4,BrC3
SOCS5,BrC3
SOWAHC,BrC3
SP140L,BrC3
SPATA5,BrC3
SPATA6,BrC3
SPDYA,BrC3
SPIN1,BrC3
SPOPL,BrC3
SPRED2,BrC3
SPRYD7,BrC3
SREK1,BrC3
SRGAP1,BrC3
SRP9,BrC3
SRPK1,BrC3
SRPK2,BrC3
SRRM1,BrC3
SRSF10,BrC3
SRSF11,BrC3
SRSF2,BrC3
SS18,BrC3
STK4,BrC3
STOX2,BrC3
STRN,BrC3
STRN3,BrC3
STX17,BrC3
STXBP5,BrC3
SUN1,BrC3
SUPT6H,BrC3
SUPV3L1,BrC3
TAB3,BrC3
TAF11,BrC3
TANC1,BrC3
TAPT1,BrC3
TAS2R14,BrC3
TASP1,BrC3
TBC1D32,BrC3
TBC1D4,BrC3
TBCEL,BrC3
TBL1XR1,BrC3
TBRG1,BrC3
TCERG1,BrC3
TDG,BrC3
TDRD6,BrC3
TEC,BrC3
TET2,BrC3
TEX10,BrC3
THAP6,BrC3
TIMM23B,BrC3
TLK1,BrC3
TMCC1,BrC3
TMED8,BrC3
TMEM168,BrC3
TMEM33,BrC3
TMEM39A,BrC3
TMEM41B,BrC3
TMEM50B,BrC3
TMF1,BrC3
TNKS,BrC3
TNKS2,BrC3
TNRC6A,BrC3
TNRC6B,BrC3
TNRC6C,BrC3
TP53INP1,BrC3
TP53TG5,BrC3
TPP2,BrC3
TRA2B,BrC3
TRAF5,BrC3
TRAPPC13,BrC3
TRAPPC6B,BrC3
TRDMT1,BrC3
TRERF1,BrC3
TRIM13,BrC3
TRIM33,BrC3
TRIM38,BrC3
TRIM66,BrC3
TROVE2,BrC3
TRPC1,BrC3
TRUB1,BrC3
TSC1,BrC3
TSEN2,BrC3
TTC13,BrC3
TTC17,BrC3
TTC21B,BrC3
TTC37,BrC3
TTC39B,BrC3
TUBGCP5,BrC3
TULP4,BrC3
U2SURP,BrC3
UACA,BrC3
UBA5,BrC3
UBA6,BrC3
UBAP2L,BrC3
UBE2E1,BrC3
UBE2H,BrC3
UBE3A,BrC3
UBR3,BrC3
UCHL5,BrC3
UFL1,BrC3
UFM1,BrC3
UPF3A,BrC3
USP3,BrC3
USP36,BrC3
USP40,BrC3
USP45,BrC3
USP48,BrC3
USP49,BrC3
USP6NL,BrC3
USPL1,BrC3
UTP15,BrC3
UVSSA,BrC3
VAMP4,BrC3
VCPKMT,BrC3
VEZT,BrC3
VPS13A,BrC3
VPS36,BrC3
WDFY2,BrC3
WDR11,BrC3
WDR17,BrC3
WDR37,BrC3
WDR75,BrC3
WRN,BrC3
WSB1,BrC3
XPNPEP3,BrC3
XPO4,BrC3
XRN1,BrC3
YOD1,BrC3
YTHDC1,BrC3
YTHDC2,BrC3
ZBTB10,BrC3
ZBTB37,BrC3
ZBTB41,BrC3
ZBTB43,BrC3
ZC2HC1A,BrC3
ZC3H11A,BrC3
ZC3H12B,BrC3
ZC3H6,BrC3
ZCCHC4,BrC3
ZDHHC17,BrC3
ZDHHC21,BrC3
ZFP28,BrC3
ZFP30,BrC3
ZGRF1,BrC3
ZKSCAN8,BrC3
ZMAT3,BrC3
ZMYM1,BrC3
ZMYM2,BrC3
ZMYM4,BrC3
ZMYM5,BrC3
ZMYM6,BrC3
ZNF100,BrC3
ZNF12,BrC3
ZNF121,BrC3
ZNF124,BrC3
ZNF136,BrC3
ZNF155,BrC3
ZNF160,BrC3
ZNF217,BrC3
ZNF224,BrC3
ZNF236,BrC3
ZNF25,BrC3
ZNF26,BrC3
ZNF280C,BrC3
ZNF292,BrC3
ZNF304,BrC3
ZNF326,BrC3
ZNF333,BrC3
ZNF33A,BrC3
ZNF383,BrC3
ZNF43,BrC3
ZNF430,BrC3
ZNF432,BrC3
ZNF441,BrC3
ZNF445,BrC3
ZNF451,BrC3
ZNF461,BrC3
ZNF483,BrC3
ZNF484,BrC3
ZNF487,BrC3
ZNF516,BrC3
ZNF519,BrC3
ZNF529,BrC3
ZNF548,BrC3
ZNF566,BrC3
ZNF573,BrC3
ZNF596,BrC3
ZNF611,BrC3
ZNF621,BrC3
ZNF641,BrC3
ZNF644,BrC3
ZNF654,BrC3
ZNF655,BrC3
ZNF670,BrC3
ZNF674,BrC3
ZNF700,BrC3
ZNF705E,BrC3
ZNF706,BrC3
ZNF714,BrC3
ZNF720,BrC3
ZNF736,BrC3
ZNF773,BrC3
ZNF8,BrC3
ZNF800,BrC3
ZNF85,BrC3
ZNRF2,BrC3
ZRANB3,BrC3
ZSWIM6,BrC3
ZUFSP,BrC3
ZWILCH,BrC3
ABCB8,BrC9
ACAD8,BrC9
ACOX3,BrC9
AFMID,BrC9
AGA,BrC9
AGR2,BrC9
AGR3,BrC9
AKR7A3,BrC9
ALDH3B2,BrC9
AMACR,BrC9
ANXA9,BrC9
ARFIP2,BrC9
ARHGAP39,BrC9
ARHGAP8,BrC9
ARHGEF16,BrC9
ARHGEF37,BrC9
ARSA,BrC9
ASCL2,BrC9
ASIC3,BrC9
ATP6AP1,BrC9
ATP6V0E2,BrC9
ATP6V1H,BrC9
AZGP1,BrC9
AZU1,BrC9
BAIAP3,BrC9
BATF,BrC9
BCAM,BrC9
BCAS4,BrC9
BIK,BrC9
BNIPL,BrC9
BPNT1,BrC9
BRAT1,BrC9
C15orf65,BrC9
C16orf46,BrC9
C16orf74,BrC9
C19orf47,BrC9
C19orf73,BrC9
C1orf64,BrC9
C20orf96,BrC9
C3orf14,BrC9
C4orf47,BrC9
C6orf52,BrC9
C9orf116,BrC9
C9orf152,BrC9
CA12,BrC9
CACFD1,BrC9
CACNA1F,BrC9
CACNA2D2,BrC9
CAMK2B,BrC9
CANT1,BrC9
CAPN13,BrC9
CARD14,BrC9
CASC1,BrC9
CATSPERG,BrC9
CBWD1,BrC9
CCDC113,BrC9
CCDC114,BrC9
CCDC148,BrC9
CCDC24,BrC9
CCDC40,BrC9
CCDC58,BrC9
CCDC74B,BrC9
CCDC78,BrC9
CCNF,BrC9
CD9,BrC9
CERS2,BrC9
CERS4,BrC9
CHCHD7,BrC9
CHRNB2,BrC9
CLN3,BrC9
CLUL1,BrC9
CNDP2,BrC9
COASY,BrC9
COQ4,BrC9
CORO2A,BrC9
CRACR2B,BrC9
CREB3L4,BrC9
CRYZ,BrC9
CXorf40A,BrC9
CYB5D2,BrC9
CYP2J2,BrC9
DBNDD1,BrC9
DEGS2,BrC9
DHRS13,BrC9
DLX3,BrC9
DNAAF1,BrC9
DNAJC12,BrC9
DNAJC22,BrC9
DNASE1L2,BrC9
DNASE2,BrC9
DUSP15,BrC9
DUSP28,BrC9
DYX1C1,BrC9
E4F1,BrC9
EBF4,BrC9
EDARADD,BrC9
EFCAB11,BrC9
EME2,BrC9
ENHO,BrC9
EPHX2,BrC9
EPN3,BrC9
ERBB2,BrC9
ERBB3,BrC9
ERC2,BrC9
ESPN,BrC9
ESRP2,BrC9
FAAH,BrC9
FAM102A,BrC9
FAM110A,BrC9
FAM174B,BrC9
FAM221A,BrC9
FAM46B,BrC9
FAM71E1,BrC9
FAM83F,BrC9
FANK1,BrC9
FBXL8,BrC9
FBXO15,BrC9
FBXO36,BrC9
FDFT1,BrC9
FGFBP3,BrC9
GATA3,BrC9
GCAT,BrC9
GDPGP1,BrC9
GGT1,BrC9
GOLT1A,BrC9
GOT2,BrC9
GPR89A,BrC9
GRTP1,BrC9
GSTM2,BrC9
GSTM3,BrC9
GSTM4,BrC9
HAGHL,BrC9
HENMT1,BrC9
HEPACAM2,BrC9
HID1,BrC9
HMG20B,BrC9
HN1L,BrC9
HPN,BrC9
HRASLS2,BrC9
HSD17B7,BrC9
HSF2BP,BrC9
IDH2,BrC9
IDUA,BrC9
IGSF22,BrC9
IGSF8,BrC9
IL17RB,BrC9
IL20RA,BrC9
IQCD,BrC9
IQUB,BrC9
IRX3,BrC9
IRX5,BrC9
KCNC1,BrC9
KCNC3,BrC9
KIF9,BrC9
KLHL35,BrC9
KSR2,BrC9
LCN12,BrC9
LEO1,BrC9
LHPP,BrC9
LRIG1,BrC9
LRRC26,BrC9
LRRC56,BrC9
LYPD3,BrC9
LYPLA2,BrC9
MAGED2,BrC9
MANEAL,BrC9
MARVELD3,BrC9
MEGF10,BrC9
MFSD3,BrC9
MFSD7,BrC9
MGP,BrC9
MKRN2OS,BrC9
MMAB,BrC9
MMACHC,BrC9
MMEL1,BrC9
MOGAT2,BrC9
MORN3,BrC9
MPHOSPH6,BrC9
MPPED2,BrC9
MPV17L,BrC9
MREG,BrC9
MSANTD1,BrC9
MVK,BrC9
N4BP3,BrC9
NAAA,BrC9
NAGS,BrC9
NAPA,BrC9
NARFL,BrC9
NBL1,BrC9
NDUFAF6,BrC9
NECAB3,BrC9
NECTIN2,BrC9
NPAS1,BrC9
NPIPB6,BrC9
NUDT18,BrC9
NXNL2,BrC9
OAZ3,BrC9
OVOL1,BrC9
OXSM,BrC9
P2RY2,BrC9
PAK4,BrC9
PARD6B,BrC9
PATZ1,BrC9
PCP2,BrC9
PFKFB4,BrC9
PGAP3,BrC9
PHYHD1,BrC9
PIGQ,BrC9
PIP4K2C,BrC9
PKM,BrC9
PLA2G4F,BrC9
PLPP6,BrC9
PLPPR3,BrC9
PON3,BrC9
PPDPF,BrC9
PPIL2,BrC9
PPM1J,BrC9
PQLC2,BrC9
PRR15,BrC9
PRR36,BrC9
PRRT3,BrC9
PTGR2,BrC9
PTPN20,BrC9
PXMP4,BrC9
RABEP2,BrC9
RARRES3,BrC9
RBM11,BrC9
RBP1,BrC9
REEP6,BrC9
REPIN1,BrC9
RHBDD2,BrC9
RHOH,BrC9
RHPN1,BrC9
RLN2,BrC9
RMND5B,BrC9
RPUSD1,BrC9
RTN4IP1,BrC9
RUNDC3A,BrC9
RUNX1,BrC9
SAMD10,BrC9
SDK2,BrC9
SDR16C5,BrC9
SEMA4B,BrC9
SERP1,BrC9
SEZ6L2,BrC9
SFXN2,BrC9
SH3BP4,BrC9
SH3GLB2,BrC9
SH3RF2,BrC9
SHROOM2,BrC9
SLC16A8,BrC9
SLC1A2,BrC9
SLC22A4,BrC9
SLC22A5,BrC9
SLC25A35,BrC9
SLC26A1,BrC9
SLC35A2,BrC9
SLC39A6,BrC9
SLC44A3,BrC9
SLC44A4,BrC9
SLC9A3R1,BrC9
SMIM5,BrC9
SMPD3,BrC9
SPDEF,BrC9
SRMS,BrC9
SS18L2,BrC9
STARD10,BrC9
STYK1,BrC9
SULT1A1,BrC9
SULT2B1,BrC9
SUMF1,BrC9
SUSD3,BrC9
SYNGR2,BrC9
SYT7,BrC9
SYTL5,BrC9
TBX1,BrC9
TESK2,BrC9
TFAP2A,BrC9
THEM4,BrC9
THOP1,BrC9
TIGD3,BrC9
TKFC,BrC9
TLE3,BrC9
TLE6,BrC9
TMEM101,BrC9
TMEM102,BrC9
TMEM116,BrC9
TMEM184A,BrC9
TMEM187,BrC9
TMEM198,BrC9
TMEM241,BrC9
TMEM25,BrC9
TMEM254,BrC9
TMEM41A,BrC9
TMTC4,BrC9
TOB1,BrC9
TRAFD1,BrC9
TRAM1L1,BrC9
TRIM45,BrC9
TRIM62,BrC9
TRMO,BrC9
TRPS1,BrC9
TTC23L,BrC9
TTC34,BrC9
TTC39A,BrC9
TXNRD2,BrC9
VSIG2,BrC9
VTCN1,BrC9
VWA2,BrC9
WNT7B,BrC9
XBP1,BrC9
YIPF1,BrC9
ZBTB42,BrC9
ZDHHC11,BrC9
ZFAND4,BrC9
ZFPM1,BrC9
ZFR2,BrC9
ZNF19,BrC9
ZNF23,BrC9
ZNF239,BrC9
ZNF296,BrC9
ZNF396,BrC9
ZNF552,BrC9
ZNF703,BrC9
ZNF749,BrC9
ZNF799,BrC9
ZNF823,BrC9
ZSCAN1,BrC9
ZSCAN16,BrC9
ZYG11A,BrC9
ABCF3,BrC14
ACTR1B,BrC14
AHCY,BrC14
ALG12,BrC14
ALOX12,BrC14
AP3D1,BrC14
ARF3,BrC14
ARFGAP2,BrC14
ARHGEF18,BrC14
ASB16,BrC14
ASF1A,BrC14
ASTE1,BrC14
ATP6V1E2,BrC14
ATXN7L3,BrC14
ATXN7L3B,BrC14
BAHD1,BrC14
BAP1,BrC14
BET1L,BrC14
BLOC1S3,BrC14
BMF,BrC14
BRD9,BrC14
BRPF1,BrC14
BRPF3,BrC14
C12orf73,BrC14
C22orf29,BrC14
C2orf68,BrC14
C6orf47,BrC14
C9orf78,BrC14
CBX7,BrC14
CCDC127,BrC14
CHD4,BrC14
CHTF8,BrC14
COA5,BrC14
COG8,BrC14
COX11,BrC14
COX19,BrC14
CSTF1,BrC14
CTDP1,BrC14
CYB561A3,BrC14
DAB2IP,BrC14
DAG1,BrC14
DBR1,BrC14
DCAF11,BrC14
DCAF4,BrC14
DERL2,BrC14
DGCR2,BrC14
DGCR8,BrC14
DIDO1,BrC14
DNAJB12,BrC14
DPF2,BrC14
DPP9,BrC14
EDC3,BrC14
EIF2B1,BrC14
ETAA1,BrC14
EXOC7,BrC14
FAM134A,BrC14
FAM134C,BrC14
FAM210B,BrC14
FBXO7,BrC14
FECH,BrC14
FOXRED2,BrC14
FRAT1,BrC14
GABPB1,BrC14
GID8,BrC14
GIGYF1,BrC14
GLE1,BrC14
GORASP1,BrC14
GPR157,BrC14
GRK6,BrC14
GSPT2,BrC14
GTF3C2,BrC14
HOMEZ,BrC14
INCA1,BrC14
INTS5,BrC14
IPO13,BrC14
IRF2BPL,BrC14
ISY1,BrC14
JADE2,BrC14
JKAMP,BrC14
KANSL2,BrC14
KAT14,BrC14
KBTBD4,BrC14
KDM1A,BrC14
KEAP1,BrC14
KHSRP,BrC14
KLHDC3,BrC14
LANCL2,BrC14
LRP10,BrC14
LRRC47,BrC14
MAD2L1BP,BrC14
MAP10,BrC14
MAP2K5,BrC14
MAPKAPK5,BrC14
MCM7,BrC14
MEPCE,BrC14
METTL13,BrC14
MOCS3,BrC14
MTFMT,BrC14
MTMR14,BrC14
MUL1,BrC14
NAA60,BrC14
NAP1L4,BrC14
NCAPD2,BrC14
NCOA5,BrC14
NME6,BrC14
NOA1,BrC14
NPRL3,BrC14
NPTXR,BrC14
NRF1,BrC14
OS9,BrC14
PARP1,BrC14
PARS2,BrC14
PCNX3,BrC14
PDDC1,BrC14
PELI3,BrC14
PEX11B,BrC14
PGPEP1,BrC14
PIGS,BrC14
PLXNB1,BrC14
PNPLA6,BrC14
POLDIP3,BrC14
POLE,BrC14
POLE3,BrC14
PPP1R26,BrC14
PPP6R2,BrC14
PRMT5,BrC14
PRPF6,BrC14
PRRC2A,BrC14
PTCD1,BrC14
PTPRU,BrC14
PYGO2,BrC14
QARS,BrC14
RAB3D,BrC14
RAVER1,BrC14
RBBP4,BrC14
RDH14,BrC14
RFT1,BrC14
RHOBTB2,BrC14
RHOF,BrC14
RIC8A,BrC14
RIOX1,BrC14
RNF123,BrC14
RNF216,BrC14
RNF220,BrC14
RNF31,BrC14
RPA1,BrC14
RPAP1,BrC14
RPP38,BrC14
RPUSD2,BrC14
SCAMP2,BrC14
SCAP,BrC14
SCMH1,BrC14
SCYL1,BrC14
SENP3,BrC14
SETD1A,BrC14
SETD6,BrC14
SETMAR,BrC14
SF3B4,BrC14
SH3BP5L,BrC14
SLC16A5,BrC14
SLC25A38,BrC14
SLC4A2,BrC14
SMARCD2,BrC14
SMG8,BrC14
SPATA2,BrC14
SREBF2,BrC14
SSRP1,BrC14
SYVN1,BrC14
TAF6L,BrC14
TATDN2,BrC14
TBC1D13,BrC14
TBCC,BrC14
TBP,BrC14
TECPR2,BrC14
TFB2M,BrC14
THAP11,BrC14
THUMPD1,BrC14
TIGD5,BrC14
TIRAP,BrC14
TMED10,BrC14
TOE1,BrC14
TRAF7,BrC14
TRIM26,BrC14
TRMT2B,BrC14
TSPYL4,BrC14
TSPYL5,BrC14
TSSK3,BrC14
TXNDC11,BrC14
UBE2I,BrC14
UBE2J2,BrC14
UBE2Q1,BrC14
UBIAD1,BrC14
UBOX5,BrC14
UCK1,BrC14
UMPS,BrC14
UNKL,BrC14
USP19,BrC14
VAC14,BrC14
VPS11,BrC14
VPS18,BrC14
VPS26B,BrC14
VPS33A,BrC14
VPS51,BrC14
WDR35,BrC14
WDR5,BrC14
WDR53,BrC14
WDR55,BrC14
WDTC1,BrC14
YPEL1,BrC14
ZBED6CL,BrC14
ZBTB3,BrC14
ZBTB7B,BrC14
ZC3H10,BrC14
ZC3H4,BrC14
ZC3H7B,BrC14
ZCCHC3,BrC14
ZER1,BrC14
ZFP41,BrC14
ZNF142,BrC14
ZNF212,BrC14
ZNF3,BrC14
ZNF302,BrC14
ZNF319,BrC14
ZNF324,BrC14
ZNF324B,BrC14
ZNF335,BrC14
ZNF398,BrC14
ZNF425,BrC14
ZNF500,BrC14
ZNF587B,BrC14
ZNF646,BrC14
ZNF687,BrC14
ZNF696,BrC14
ZNF7,BrC14
ZNF747,BrC14
ZSCAN5A,BrC14
ZSWIM1,BrC14
ZXDC,BrC14
ABI2,BrC5
ADNP,BrC5
ADPGK,BrC5
AFAP1L2,BrC5
AGAP5,BrC5
AGAP6,BrC5
AGK,BrC5
AK9,BrC5
AKAP5,BrC5
ALG13,BrC5
ALG6,BrC5
ALPK1,BrC5
ANAPC4,BrC5
ANAPC7,BrC5
ANGEL1,BrC5
ANKMY2,BrC5
ANKRD10,BrC5
ANKRD42,BrC5
ANP32A,BrC5
AP1S3,BrC5
AP2B1,BrC5
AP3M1,BrC5
AP3M2,BrC5
AP4B1,BrC5
APLF,BrC5
ARFIP1,BrC5
ARGLU1,BrC5
ARHGAP19,BrC5
ARHGEF33,BrC5
ARHGEF9,BrC5
ARL10,BrC5
ARL17A,BrC5
ARL6,BrC5
ARMC10,BrC5
ARMCX3,BrC5
ARSJ,BrC5
ASB3,BrC5
ATF7,BrC5
ATP6AP1L,BrC5
ATXN1,BrC5
ATXN2,BrC5
ATXN7L1,BrC5
B3GALNT1,BrC5
B3GALT1,BrC5
BBS12,BrC5
BBS9,BrC5
BCL2L11,BrC5
BCORL1,BrC5
BET1,BrC5
BHLHB9,BrC5
BIVM,BrC5
BLZF1,BrC5
BTN2A1,BrC5
BTRC,BrC5
C15orf41,BrC5
C17orf80,BrC5
C18orf25,BrC5
C1QTNF3,BrC5
C1orf131,BrC5
C2CD3,BrC5
C2orf42,BrC5
C2orf49,BrC5
C4orf33,BrC5
C5orf34,BrC5
C6orf163,BrC5
C8orf37,BrC5
C9orf85,BrC5
CACNB4,BrC5
CAPN3,BrC5
CAPRIN2,BrC5
CARNMT1,BrC5
CASP2,BrC5
CATSPER2,BrC5
CBFA2T2,BrC5
CBR4,BrC5
CCDC14,BrC5
CCDC66,BrC5
CCDC7,BrC5
CCDC77,BrC5
CD226,BrC5
CD47,BrC5
CDC16,BrC5
CDC23,BrC5
CDK12,BrC5
CDK6,BrC5
CELF4,BrC5
CENPJ,BrC5
CEP128,BrC5
CEP152,BrC5
CEP162,BrC5
CEP192,BrC5
CEP44,BrC5
CEP78,BrC5
CEP97,BrC5
CFAP44,BrC5
CHORDC1,BrC5
CHTOP,BrC5
CLHC1,BrC5
CLUAP1,BrC5
COG3,BrC5
COIL,BrC5
COX15,BrC5
CPEB3,BrC5
CPOX,BrC5
CPSF6,BrC5
CRAMP1,BrC5
CREBZF,BrC5
CRLF3,BrC5
CSNK1G1,BrC5
CSRNP2,BrC5
CSRNP3,BrC5
CTBP2,BrC5
CTCF,BrC5
CYB5RL,BrC5
DCAF12,BrC5
DCAF17,BrC5
DDX17,BrC5
DDX55,BrC5
DENR,BrC5
DEPTOR,BrC5
DFFA,BrC5
DFFB,BrC5
DIP2A,BrC5
DIP2B,BrC5
DMTF1,BrC5
DNAJC16,BrC5
DROSHA,BrC5
DUSP11,BrC5
DUSP18,BrC5
E2F5,BrC5
EDA2R,BrC5
EDRF1,BrC5
EED,BrC5
EFHC1,BrC5
ELAVL1,BrC5
ELMO2,BrC5
ELOVL4,BrC5
ENOPH1,BrC5
EPM2AIP1,BrC5
ERCC6,BrC5
ERICH6B,BrC5
EXD2,BrC5
EYA3,BrC5
FAM111A,BrC5
FAM122B,BrC5
FAM149B1,BrC5
FAM200A,BrC5
FAM206A,BrC5
FAM60A,BrC5
FAN1,BrC5
FANCB,BrC5
FANCC,BrC5
FAS,BrC5
FBXO22,BrC5
FBXO34,BrC5
FBXO48,BrC5
FBXW7,BrC5
FGFR1OP,BrC5
FIGNL1,BrC5
FMO4,BrC5
FNBP1L,BrC5
FOCAD,BrC5
FRA10AC1,BrC5
FRRS1,BrC5
FUBP1,BrC5
FUT10,BrC5
FUT8,BrC5
GALK2,BrC5
GAN,BrC5
GANC,BrC5
GATC,BrC5
GFM2,BrC5
GIN1,BrC5
GLCCI1,BrC5
GLCE,BrC5
GPBP1L1,BrC5
GPD2,BrC5
GPR63,BrC5
GPRASP2,BrC5
HACD4,BrC5
HDAC2,BrC5
HDAC8,BrC5
HEATR6,BrC5
HELB,BrC5
HERC4,BrC5
HIST1H2BN,BrC5
HLTF,BrC5
HNRNPA2B1,BrC5
HNRNPD,BrC5
HNRNPH1,BrC5
HNRNPH3,BrC5
HP1BP3,BrC5
HSPA4L,BrC5
HYPK,BrC5
IFT80,BrC5
IGIP,BrC5
IGSF10,BrC5
IKBKAP,BrC5
IMPG1,BrC5
INIP,BrC5
INTS13,BrC5
INTS3,BrC5
INTS6L,BrC5
INTS7,BrC5
INTS8,BrC5
INTU,BrC5
IQCB1,BrC5
IRF2,BrC5
IRGQ,BrC5
JRKL,BrC5
KAT7,BrC5
KBTBD6,BrC5
KBTBD7,BrC5
KCTD7,BrC5
KDM1B,BrC5
KDM4C,BrC5
KDM5B,BrC5
KIAA0753,BrC5
KIAA0825,BrC5
KIAA0907,BrC5
KIAA1107,BrC5
KIF3A,BrC5
KIN,BrC5
KLHL9,BrC5
KMT5B,BrC5
KRBOX4,BrC5
L3MBTL4,BrC5
LEAP2,BrC5
LHX4,BrC5
LIAS,BrC5
LIN9,BrC5
LINS1,BrC5
LRIF1,BrC5
LRRC37B,BrC5
LRRC69,BrC5
LUC7L3,BrC5
LURAP1,BrC5
LYSMD4,BrC5
MAATS1,BrC5
MAGOHB,BrC5
MATR3,BrC5
MAX,BrC5
MBD4,BrC5
MBLAC2,BrC5
MCM8,BrC5
MCM9,BrC5
MED12L,BrC5
MED17,BrC5
MED21,BrC5
MED28,BrC5
MEIS2,BrC5
MEMO1,BrC5
METAP1,BrC5
METAP1D,BrC5
METTL6,BrC5
MFSD14C,BrC5
MICAL3,BrC5
MIS12,BrC5
MMAA,BrC5
MMS22L,BrC5
MNS1,BrC5
MRPS25,BrC5
MRPS27,BrC5
MRS2,BrC5
MSANTD2,BrC5
MSH2,BrC5
MSL1,BrC5
MTAP,BrC5
MTBP,BrC5
MTERF1,BrC5
MTERF4,BrC5
MTMR8,BrC5
MTO1,BrC5
MYO15B,BrC5
N4BP2,BrC5
NAA16,BrC5
NAB1,BrC5
NAPB,BrC5
NAPEPLD,BrC5
NBPF15,BrC5
NDUFAF7,BrC5
NFXL1,BrC5
NFYA,BrC5
NKRF,BrC5
NLRC3,BrC5
NPAS3,BrC5
NSD3,BrC5
NSUN6,BrC5
NUDT13,BrC5
OGT,BrC5
ORAOV1,BrC5
OSGEPL1,BrC5
OTUD3,BrC5
PARG,BrC5
PAWR,BrC5
PAXBP1,BrC5
PCID2,BrC5
PCMTD2,BrC5
PCNX4,BrC5
PEX13,BrC5
PGBD2,BrC5
PGBD4,BrC5
PHF11,BrC5
PHF14,BrC5
PHF21A,BrC5
PHF6,BrC5
PIGF,BrC5
PIGM,BrC5
PKNOX1,BrC5
PLCG1,BrC5
PLEKHA7,BrC5
PLEKHA8,BrC5
PM20D2,BrC5
PMS1,BrC5
PNISR,BrC5
PNN,BrC5
POC1B,BrC5
POGZ,BrC5
POLG2,BrC5
POLH,BrC5
PPAT,BrC5
PPHLN1,BrC5
PPM1K,BrC5
PPP2R3A,BrC5
PREPL,BrC5
PRIM2,BrC5
PRIMPOL,BrC5
PRKCI,BrC5
PROX2,BrC5
PRPF3,BrC5
PRPF38A,BrC5
PRPF39,BrC5
PSD3,BrC5
PTCD2,BrC5
PTCD3,BrC5
PTER,BrC5
PTPN2,BrC5
PUM1,BrC5
PUS10,BrC5
PUS7L,BrC5
QRSL1,BrC5
R3HCC1L,BrC5
R3HDM2,BrC5
RAD52,BrC5
RAD54B,BrC5
RANBP17,BrC5
RASA2,BrC5
RAVER2,BrC5
RBM12B,BrC5
RBM18,BrC5
RBM22,BrC5
RBM39,BrC5
RBM41,BrC5
RBM45,BrC5
RBM48,BrC5
RBM5,BrC5
RBM6,BrC5
RBMX,BrC5
RBMX2,BrC5
RCHY1,BrC5
RCOR1,BrC5
RFFL,BrC5
RFX5,BrC5
RGL4,BrC5
RIC8B,BrC5
RMI1,BrC5
RNASEL,BrC5
RNF170,BrC5
RNF214,BrC5
RNF34,BrC5
RPAP2,BrC5
RPAP3,BrC5
RPGRIP1L,BrC5
RPRD1A,BrC5
RPS6KA6,BrC5
S100PBP,BrC5
SASS6,BrC5
SCAI,BrC5
SCML2,BrC5
SEC22A,BrC5
SEC61A2,BrC5
SEMA5A,BrC5
SEPT8,BrC5
SESN3,BrC5
SFXN1,BrC5
SGK494,BrC5
SHQ1,BrC5
SIPA1L1,BrC5
SKP2,BrC5
SLC10A5,BrC5
SLC16A2,BrC5
SLC23A3,BrC5
SLC24A1,BrC5
SLC25A27,BrC5
SLC25A53,BrC5
SLC33A1,BrC5
SLC35E2,BrC5
SLC46A1,BrC5
SLF1,BrC5
SLF2,BrC5
SLX4IP,BrC5
SMARCA2,BrC5
SMARCAD1,BrC5
SMIM15,BrC5
SNAPC3,BrC5
SNRNP48,BrC5
SNURF,BrC5
SNX27,BrC5
SPATA7,BrC5
SPATS2,BrC5
SPIDR,BrC5
SPIN3,BrC5
SPIN4,BrC5
SPTLC3,BrC5
SRSF1,BrC5
SRSF6,BrC5
SS18L1,BrC5
STAG3,BrC5
STAU2,BrC5
STX16,BrC5
STX3,BrC5
STX6,BrC5
SUCO,BrC5
SUDS3,BrC5
SUPT20H,BrC5
SUPT3H,BrC5
SUPT7L,BrC5
SYT1,BrC5
TAF1A,BrC5
TAF4,BrC5
TANK,BrC5
TARDBP,BrC5
TAS2R10,BrC5
TAS2R20,BrC5
TAS2R4,BrC5
TAS2R5,BrC5
TBC1D19,BrC5
TBCK,BrC5
TCEANC,BrC5
TCEANC2,BrC5
TCHP,BrC5
TCTE3,BrC5
TDRP,BrC5
TET1,BrC5
TFCP2,BrC5
THADA,BrC5
THAP9,BrC5
THNSL1,BrC5
THOC1,BrC5
THUMPD2,BrC5
TIA1,BrC5
TIAL1,BrC5
TIGD4,BrC5
TIGD7,BrC5
TMEM161B,BrC5
TMEM260,BrC5
TMEM267,BrC5
TMEM65,BrC5
TMEM68,BrC5
TMPO,BrC5
TNIK,BrC5
TP53BP1,BrC5
TRA2A,BrC5
TRANK1,BrC5
TRIM5,BrC5
TRIM52,BrC5
TRMT10B,BrC5
TRMT11,BrC5
TRMT13,BrC5
TSHZ2,BrC5
TTC14,BrC5
TTC26,BrC5
TTF2,BrC5
TTI1,BrC5
TTLL5,BrC5
TUB,BrC5
TUBD1,BrC5
TUBGCP4,BrC5
TVP23C,BrC5
TYW1B,BrC5
TYW5,BrC5
UBE3D,BrC5
UBN2,BrC5
UBXN2B,BrC5
UHRF2,BrC5
UPF3B,BrC5
USP28,BrC5
USP31,BrC5
USP46,BrC5
UTP6,BrC5
VPS45,BrC5
VPS53,BrC5
VPS8,BrC5
WDHD1,BrC5
WDR33,BrC5
WDR5B,BrC5
WDR89,BrC5
XPO1,BrC5
XYLB,BrC5
YEATS2,BrC5
ZADH2,BrC5
ZBED5,BrC5
ZBED8,BrC5
ZBTB1,BrC5
ZBTB25,BrC5
ZBTB26,BrC5
ZBTB33,BrC5
ZC3H8,BrC5
ZC3HAV1L,BrC5
ZCCHC6,BrC5
ZCCHC8,BrC5
ZCCHC9,BrC5
ZDHHC13,BrC5
ZDHHC6,BrC5
ZFC3H1,BrC5
ZFP14,BrC5
ZFP2,BrC5
ZFP3,BrC5
ZFP37,BrC5
ZFP62,BrC5
ZFP69,BrC5
ZFP82,BrC5
ZFP90,BrC5
ZKSCAN3,BrC5
ZKSCAN4,BrC5
ZKSCAN5,BrC5
ZKSCAN7,BrC5
ZNF112,BrC5
ZNF132,BrC5
ZNF14,BrC5
ZNF141,BrC5
ZNF169,BrC5
ZNF17,BrC5
ZNF175,BrC5
ZNF177,BrC5
ZNF181,BrC5
ZNF182,BrC5
ZNF184,BrC5
ZNF195,BrC5
ZNF2,BrC5
ZNF207,BrC5
ZNF211,BrC5
ZNF222,BrC5
ZNF223,BrC5
ZNF225,BrC5
ZNF227,BrC5
ZNF230,BrC5
ZNF234,BrC5
ZNF235,BrC5
ZNF251,BrC5
ZNF253,BrC5
ZNF254,BrC5
ZNF257,BrC5
ZNF260,BrC5
ZNF268,BrC5
ZNF280D,BrC5
ZNF283,BrC5
ZNF284,BrC5
ZNF286A,BrC5
ZNF300,BrC5
ZNF320,BrC5
ZNF337,BrC5
ZNF343,BrC5
ZNF345,BrC5
ZNF391,BrC5
ZNF397,BrC5
ZNF404,BrC5
ZNF417,BrC5
ZNF420,BrC5
ZNF429,BrC5
ZNF431,BrC5
ZNF44,BrC5
ZNF45,BrC5
ZNF462,BrC5
ZNF471,BrC5
ZNF473,BrC5
ZNF485,BrC5
ZNF490,BrC5
ZNF491,BrC5
ZNF493,BrC5
ZNF502,BrC5
ZNF506,BrC5
ZNF512,BrC5
ZNF514,BrC5
ZNF518A,BrC5
ZNF525,BrC5
ZNF527,BrC5
ZNF528,BrC5
ZNF540,BrC5
ZNF543,BrC5
ZNF546,BrC5
ZNF549,BrC5
ZNF550,BrC5
ZNF557,BrC5
ZNF559,BrC5
ZNF562,BrC5
ZNF565,BrC5
ZNF567,BrC5
ZNF568,BrC5
ZNF571,BrC5
ZNF572,BrC5
ZNF585A,BrC5
ZNF585B,BrC5
ZNF589,BrC5
ZNF600,BrC5
ZNF605,BrC5
ZNF608,BrC5
ZNF609,BrC5
ZNF615,BrC5
ZNF616,BrC5
ZNF618,BrC5
ZNF619,BrC5
ZNF620,BrC5
ZNF623,BrC5
ZNF626,BrC5
ZNF658,BrC5
ZNF665,BrC5
ZNF675,BrC5
ZNF678,BrC5
ZNF681,BrC5
ZNF684,BrC5
ZNF701,BrC5
ZNF708,BrC5
ZNF709,BrC5
ZNF718,BrC5
ZNF721,BrC5
ZNF727,BrC5
ZNF732,BrC5
ZNF737,BrC5
ZNF75D,BrC5
ZNF761,BrC5
ZNF766,BrC5
ZNF772,BrC5
ZNF780A,BrC5
ZNF780B,BrC5
ZNF790,BrC5
ZNF791,BrC5
ZNF793,BrC5
ZNF808,BrC5
ZNF81,BrC5
ZNF816,BrC5
ZNF83,BrC5
ZNF836,BrC5
ZNF84,BrC5
ZNF841,BrC5
ZNF846,BrC5
ZNF852,BrC5
ZNF860,BrC5
ZNF879,BrC5
ZNF888,BrC5
ZNF891,BrC5
ZNF91,BrC5
ZRANB2,BrC5
ZSCAN20,BrC5
ZSCAN22,BrC5
ZSCAN23,BrC5
ZSCAN26,BrC5
ZSCAN30,BrC5
ZW10,BrC5
ZZZ3,BrC5
AC004381.6,BrC23
ACRBP,BrC23
ACSBG2,BrC23
ACSL6,BrC23
ACTL10,BrC23
AKAP3,BrC23
ALS2CR11,BrC23
ANKRD45,BrC23
ARMC4,BrC23
C12orf54,BrC23
C16orf71,BrC23
C16orf96,BrC23
C2orf73,BrC23
C9orf24,BrC23
C9orf43,BrC23
CABYR,BrC23
CAPZA3,BrC23
CATSPER1,BrC23
CCDC110,BrC23
CCDC116,BrC23
CCDC136,BrC23
CCDC168,BrC23
CCDC173,BrC23
CCDC38,BrC23
CCDC62,BrC23
CCDC65,BrC23
CCDC87,BrC23
CCDC89,BrC23
CCDC96,BrC23
CCIN,BrC23
CCNA1,BrC23
CFAP206,BrC23
CFAP221,BrC23
CFAP52,BrC23
CFAP53,BrC23
CHST13,BrC23
CMTM1,BrC23
CMTM2,BrC23
CNBD2,BrC23
DDX25,BrC23
DKKL1,BrC23
DNAAF3,BrC23
DYNLRB2,BrC23
EFCAB5,BrC23
ERICH2,BrC23
FAM186A,BrC23
FAM186B,BrC23
FAM209A,BrC23
FAM209B,BrC23
FAM217A,BrC23
FAM57B,BrC23
FAM71D,BrC23
FBXO24,BrC23
FNDC11,BrC23
FSCN3,BrC23
GGN,BrC23
GLIPR1L1,BrC23
H1FNT,BrC23
HIPK4,BrC23
HSPB9,BrC23
KCTD19,BrC23
KDM4D,BrC23
KLHL10,BrC23
LCA5L,BrC23
LRRC46,BrC23
LRRC71,BrC23
LRRC73,BrC23
LRRIQ1,BrC23
MYCBPAP,BrC23
NACA2,BrC23
NME5,BrC23
NT5C1B,BrC23
NUPR2,BrC23
PABPC3,BrC23
PFN4,BrC23
PHF7,BrC23
PHOSPHO1,BrC23
PIH1D2,BrC23
PROCA1,BrC23
RNF133,BrC23
RNF148,BrC23
ROPN1L,BrC23
SAMD15,BrC23
SLC22A14,BrC23
SLC26A8,BrC23
SLC9B1,BrC23
SMKR1,BrC23
SOHLH2,BrC23
SPA17,BrC23
SPAG6,BrC23
SPATA17,BrC23
SPATA22,BrC23
SPATA24,BrC23
SPATC1,BrC23
SPTY2D1-AS1,BrC23
STK31,BrC23
TBC1D26,BrC23
TCP10L,BrC23
TCP11,BrC23
TEX40,BrC23
TMEM31,BrC23
TSACC,BrC23
TSKS,BrC23
TSSK6,BrC23
TTC16,BrC23
TTC25,BrC23
TUBA3D,BrC23
TULP2,BrC23
WFDC3,BrC23
YBX2,BrC23
ZBTB32,BrC23
ZDHHC19,BrC23
ZMYND10,BrC23
ZMYND12,BrC23
AC006116.20,BrC22
AMIGO2,BrC22
ANKRD65,BrC22
ANO1,BrC22
ARL4C,BrC22
BCL11A,BrC22
BHLHE41,BrC22
BTBD11,BrC22
C1orf106,BrC22
CCDC8,BrC22
CCNJL,BrC22
CD164L2,BrC22
CDH3,BrC22
CDKL2,BrC22
CFAP54,BrC22
CGB7,BrC22
COL17A1,BrC22
COL8A2,BrC22
DCHS2,BrC22
DLK2,BrC22
DSC3,BrC22
DSG3,BrC22
EDN3,BrC22
EFCAB1,BrC22
EHD3,BrC22
ENTPD2,BrC22
EPHB1,BrC22
ESYT3,BrC22
ETV1,BrC22
EVA1A,BrC22
FAM196B,BrC22
FAT1,BrC22
FAT2,BrC22
FERMT1,BrC22
FGF1,BrC22
FHOD3,BrC22
FZD7,BrC22
GNG7,BrC22
GRAMD3,BrC22
GRIA4,BrC22
HAP1,BrC22
HAS3,BrC22
HNF4G,BrC22
ICAM5,BrC22
IFFO2,BrC22
IL22RA1,BrC22
IQCA1,BrC22
IRX1,BrC22
KCNG1,BrC22
KCNH3,BrC22
KCNMB1,BrC22
KLHL13,BrC22
KRT14,BrC22
KRT17,BrC22
KRT5,BrC22
KY,BrC22
LAD1,BrC22
LAMB3,BrC22
LAMC2,BrC22
LGR6,BrC22
LRRN1,BrC22
MCF2L2,BrC22
MIA,BrC22
MYLK,BrC22
NECTIN1,BrC22
NFASC,BrC22
NKPD1,BrC22
NPM2,BrC22
NRTN,BrC22
NSG1,BrC22
NTF4,BrC22
OVCH2,BrC22
PAK5,BrC22
PDE1C,BrC22
PDE4B,BrC22
PDGFA,BrC22
PLCH2,BrC22
PLD4,BrC22
PLEKHG4B,BrC22
PLPPR1,BrC22
PNMAL1,BrC22
PODNL1,BrC22
PPM1N,BrC22
PRSS12,BrC22
PSD2,BrC22
PTPRT,BrC22
RAB38,BrC22
RASSF10,BrC22
RASSF6,BrC22
RBBP8,BrC22
RBM38,BrC22
RHOV,BrC22
RNASE7,BrC22
RNF165,BrC22
RNF183,BrC22
SAMD5,BrC22
SCN2A,BrC22
SCN8A,BrC22
SDC1,BrC22
SEPT3,BrC22
SERPINB5,BrC22
SFRP1,BrC22
SLC27A6,BrC22
SLC2A9,BrC22
SLC35F3,BrC22
SLC47A2,BrC22
SMIM10L2A,BrC22
ST6GALNAC2,BrC22
ST8SIA2,BrC22
SYT12,BrC22
SYT8,BrC22
TCF7,BrC22
TENM2,BrC22
TEPP,BrC22
TFAP2C,BrC22
TIAM2,BrC22
TP63,BrC22
TP73,BrC22
TRIM29,BrC22
VSNL1,BrC22
WDR86,BrC22
WNT5B,BrC22
ACTR8,BrC17
ACVR1B,BrC17
AKAP10,BrC17
AMER1,BrC17
ANAPC1,BrC17
ANKFY1,BrC17
ANKRD11,BrC17
ANKRD52,BrC17
AREL1,BrC17
ARHGEF11,BrC17
ARID1A,BrC17
ATP9B,BrC17
ATR,BrC17
ATRN,BrC17
AXIN2,BrC17
BCL9L,BrC17
BRD1,BrC17
BSN,BrC17
BTBD9,BrC17
C10orf76,BrC17
CAMSAP1,BrC17
CASK,BrC17
CDK11B,BrC17
CHD8,BrC17
CLEC16A,BrC17
CPSF7,BrC17
CREBBP,BrC17
CRTC1,BrC17
CTDSPL,BrC17
CTNNB1,BrC17
CTR9,BrC17
DAGLA,BrC17
DCAF1,BrC17
DCAF7,BrC17
DCLRE1C,BrC17
DCTN1,BrC17
DDX19B,BrC17
DHX32,BrC17
DHX35,BrC17
DIEXF,BrC17
DNAJC11,BrC17
DOCK1,BrC17
EHMT1,BrC17
EIF4ENIF1,BrC17
EMC1,BrC17
EP400,BrC17
EXOSC10,BrC17
FAM193A,BrC17
FBXO18,BrC17
FTSJ3,BrC17
GALNT10,BrC17
GANAB,BrC17
GCN1,BrC17
GGCX,BrC17
GLYR1,BrC17
GOSR2,BrC17
GPR75,BrC17
GTF3C1,BrC17
GTF3C3,BrC17
HCFC1,BrC17
HMGN4,BrC17
HNRNPUL1,BrC17
HUWE1,BrC17
IBA57,BrC17
IK,BrC17
INO80,BrC17
KANSL1,BrC17
KDM2A,BrC17
KDM3B,BrC17
KDM4A,BrC17
KIAA0586,BrC17
KIAA1429,BrC17
KLHL12,BrC17
KMT2D,BrC17
KREMEN1,BrC17
LMTK2,BrC17
LSG1,BrC17
M6PR,BrC17
MADD,BrC17
MAML1,BrC17
MAN2B2,BrC17
MAP3K4,BrC17
MCM3AP,BrC17
MDC1,BrC17
MDN1,BrC17
METTL16,BrC17
MGA,BrC17
MLH3,BrC17
MNT,BrC17
MSH6,BrC17
MTMR4,BrC17
MVB12B,BrC17
N4BP1,BrC17
NCAPD3,BrC17
NCOA6,BrC17
NCOR2,BrC17
NCSTN,BrC17
NDST2,BrC17
NFATC2IP,BrC17
NFIX,BrC17
NFX1,BrC17
NOP9,BrC17
NSUN2,BrC17
NUFIP1,BrC17
NUP133,BrC17
NUP160,BrC17
NUP188,BrC17
NUP205,BrC17
NUP214,BrC17
NUTM2D,BrC17
OSBP,BrC17
OTUD7A,BrC17
PARD3,BrC17
PAXIP1,BrC17
PHACTR4,BrC17
PHLPP1,BrC17
PI4KA,BrC17
PIK3R4,BrC17
PIP4K2B,BrC17
PITPNA,BrC17
PITRM1,BrC17
PKD1,BrC17
PLEC,BrC17
PLEKHM1,BrC17
POLG,BrC17
POLR1B,BrC17
POLR2A,BrC17
POLR3C,BrC17
POM121,BrC17
PRDM11,BrC17
PRDM6,BrC17
PRPF8,BrC17
PRRC2B,BrC17
QRICH1,BrC17
RAB11FIP5,BrC17
RAB5B,BrC17
RFC1,BrC17
RNF40,BrC17
RPRD2,BrC17
RRM1,BrC17
SAP130,BrC17
SART3,BrC17
SDAD1,BrC17
SEC16A,BrC17
SEC24C,BrC17
SETDB1,BrC17
SF3A1,BrC17
SF3A3,BrC17
SF3B3,BrC17
SIN3A,BrC17
SLC4A1AP,BrC17
SMARCC2,BrC17
SMARCD1,BrC17
SMC1A,BrC17
SMC3,BrC17
SMG6,BrC17
SNRNP200,BrC17
SP1,BrC17
SPECC1L,BrC17
SPEN,BrC17
SPG11,BrC17
SPPL3,BrC17
SRCAP,BrC17
SSBP3,BrC17
STAT6,BrC17
STK35,BrC17
STRIP1,BrC17
STT3A,BrC17
SYNRG,BrC17
SZT2,BrC17
TADA2A,BrC17
TCF20,BrC17
THUMPD3,BrC17
TMEM237,BrC17
TNPO2,BrC17
TOM1L2,BrC17
TRAPPC11,BrC17
TRIM32,BrC17
TRIM39,BrC17
TRIM4,BrC17
TRIP4,BrC17
TRRAP,BrC17
TSSK4,BrC17
TSTD2,BrC17
TXLNA,BrC17
UBE3B,BrC17
UBFD1,BrC17
URGCP,BrC17
USP27X,BrC17
USP30,BrC17
VPS39,BrC17
XPO6,BrC17
XPO7,BrC17
YTHDF1,BrC17
YTHDF2,BrC17
ZBED4,BrC17
ZBTB40,BrC17
ZC3H14,BrC17
ZDHHC5,BrC17
ZDHHC7,BrC17
ZFYVE26,BrC17
ZNF317,BrC17
ZNF318,BrC17
ZNF384,BrC17
ZNF407,BrC17
ZNF746,BrC17
ZSCAN25,BrC17
ZZEF1,BrC17
AGGF1,BrC25
ALS2,BrC25
ANKIB1,BrC25
APC,BrC25
APPBP2,BrC25
ASH1L,BrC25
ASXL2,BrC25
ATXN1L,BrC25
BAZ1B,BrC25
BIRC6,BrC25
BTBD7,BrC25
CASP8AP2,BrC25
CDC42BPB,BrC25
CLOCK,BrC25
CNOT1,BrC25
COPA,BrC25
CPSF2,BrC25
CUL1,BrC25
DCAF10,BrC25
DCP1A,BrC25
DLG1,BrC25
DYNC1H1,BrC25
EIF2AK4,BrC25
FAM120A,BrC25
FBXO28,BrC25
FBXW11,BrC25
GSK3B,BrC25
GXYLT1,BrC25
HEATR5A,BrC25
HECTD1,BrC25
ICE1,BrC25
ICE2,BrC25
MAN1A2,BrC25
MAPK1,BrC25
MED1,BrC25
MGAT5,BrC25
MIA3,BrC25
MTMR9,BrC25
NAA30,BrC25
NCKAP1,BrC25
NFATC3,BrC25
NIN,BrC25
NRDC,BrC25
PBRM1,BrC25
PKD2,BrC25
POGK,BrC25
PURA,BrC25
RAB3GAP1,BrC25
SETX,BrC25
SLAIN2,BrC25
SMG1,BrC25
SNX13,BrC25
SON,BrC25
SOS2,BrC25
TPR,BrC25
TRAPPC10,BrC25
TRIM44,BrC25
TRIP11,BrC25
TRIP12,BrC25
TRPM7,BrC25
UGGT1,BrC25
USO1,BrC25
USP34,BrC25
USP47,BrC25
USP7,BrC25
USP9X,BrC25
VPS13D,BrC25
WDFY3,BrC25
WDR82,BrC25
WIPF2,BrC25
ZC3H13,BrC25
ZFR,BrC25
ZFYVE9,BrC25
ZNF41,BrC25
ZNF770,BrC25
ZYG11B,BrC25
ALG5,BrC15
ANAPC15,BrC15
APOO,BrC15
ARL6IP4,BrC15
ASNA1,BrC15
ATG5,BrC15
ATP5C1,BrC15
ATP5F1,BrC15
ATP5G1,BrC15
ATRAID,BrC15
BABAM1,BrC15
BAD,BrC15
BANF1,BrC15
BRK1,BrC15
BRMS1,BrC15
BUD31,BrC15
C11orf98,BrC15
C16orf91,BrC15
C18orf32,BrC15
C19orf53,BrC15
CCDC167,BrC15
CDC123,BrC15
CENPX,BrC15
CHCHD1,BrC15
CHCHD2,BrC15
CHMP2A,BrC15
CIB1,BrC15
CISD2,BrC15
CKLF,BrC15
CMC1,BrC15
COA3,BrC15
COA4,BrC15
COA6,BrC15
COMMD5,BrC15
COPE,BrC15
COPS6,BrC15
COPS9,BrC15
COX16,BrC15
CREB3,BrC15
CUEDC2,BrC15
DAD1,BrC15
DCTPP1,BrC15
DDX49,BrC15
DPM1,BrC15
DPM2,BrC15
DPM3,BrC15
DYNLRB1,BrC15
EEF1AKMT1,BrC15
EEF1E1,BrC15
EIF3I,BrC15
EIF6,BrC15
ELP5,BrC15
EMC4,BrC15
EMC7,BrC15
EMG1,BrC15
ERH,BrC15
FAAP20,BrC15
FAM162A,BrC15
FAM173A,BrC15
FAM96B,BrC15
FDX2,BrC15
FIBP,BrC15
FKBP2,BrC15
FLYWCH2,BrC15
FRG1,BrC15
GEMIN2,BrC15
GGPS1,BrC15
GNB2,BrC15
GNG5,BrC15
GON7,BrC15
GTF2A2,BrC15
HAUS1,BrC15
HRAS,BrC15
HSPBP1,BrC15
ITPA,BrC15
JTB,BrC15
KRTCAP2,BrC15
LAGE3,BrC15
LAMTOR4,BrC15
LAMTOR5,BrC15
LSM3,BrC15
LSM4,BrC15
LSM7,BrC15
MAD2L2,BrC15
MAGOH,BrC15
MAIP1,BrC15
MCRIP1,BrC15
MEA1,BrC15
MED11,BrC15
MED19,BrC15
MED31,BrC15
METTL26,BrC15
MIEN1,BrC15
MIIP,BrC15
MINOS1,BrC15
MRPL1,BrC15
MRPL13,BrC15
MRPL14,BrC15
MRPL16,BrC15
MRPL17,BrC15
MRPL18,BrC15
MRPL22,BrC15
MRPL27,BrC15
MRPL28,BrC15
MRPL33,BrC15
MRPL39,BrC15
MRPL51,BrC15
MRPL52,BrC15
MRPS17,BrC15
MRPS18A,BrC15
MRPS22,BrC15
MRPS23,BrC15
MRPS28,BrC15
MVB12A,BrC15
MYDGF,BrC15
MYL12B,BrC15
NAA38,BrC15
NANS,BrC15
NAXE,BrC15
NDUFA11,BrC15
NDUFA9,BrC15
NDUFB4,BrC15
NDUFB6,BrC15
NDUFS3,BrC15
NELFE,BrC15
NHP2,BrC15
NUBP2,BrC15
NUDT2,BrC15
OSTC,BrC15
PARK7,BrC15
PDCD10,BrC15
PDZD11,BrC15
PEF1,BrC15
PFDN6,BrC15
PHF5A,BrC15
PIGBOS1,BrC15
PIN1,BrC15
POLR2I,BrC15
POLR2J,BrC15
POLR2K,BrC15
POP7,BrC15
PPP1R7,BrC15
PPP4C,BrC15
PRDX1,BrC15
PSENEN,BrC15
PSMA5,BrC15
PSMB1,BrC15
PSMB2,BrC15
PSMB3,BrC15
PSMB4,BrC15
PSMB7,BrC15
PSMD13,BrC15
PSMD9,BrC15
PSMG3,BrC15
PYM1,BrC15
RABAC1,BrC15
RABEPK,BrC15
RANBP1,BrC15
RBX1,BrC15
RNF181,BrC15
RNF7,BrC15
RPA3,BrC15
RPF1,BrC15
RPL26L1,BrC15
RPP25L,BrC15
RPS27L,BrC15
RUVBL2,BrC15
SAP18,BrC15
SCAND1,BrC15
SDHAF2,BrC15
SDHAF3,BrC15
SDHAF4,BrC15
SEC13,BrC15
SEC61B,BrC15
SEC61G,BrC15
SELENOF,BrC15
SELENOH,BrC15
SELENOK,BrC15
SELENOM,BrC15
SEM1,BrC15
SF3B5,BrC15
SF3B6,BrC15
SHARPIN,BrC15
SIVA1,BrC15
SLC25A39,BrC15
SLC35B1,BrC15
SMIM7,BrC15
SNRPB2,BrC15
SNRPC,BrC15
SNRPD3,BrC15
SNRPE,BrC15
SNRPF,BrC15
SNRPG,BrC15
SNU13,BrC15
SPCS1,BrC15
SPCS2,BrC15
SRP14,BrC15
SSBP1,BrC15
SSSCA1,BrC15
STX8,BrC15
SUMO1,BrC15
THOC7,BrC15
TIMMDC1,BrC15
TMA7,BrC15
TMBIM4,BrC15
TMED1,BrC15
TMEM147,BrC15
TMEM14C,BrC15
TMEM208,BrC15
TMEM223,BrC15
TMEM261,BrC15
TOMM6,BrC15
TOPORS-AS1,BrC15
TPRKB,BrC15
TRAPPC4,BrC15
TRAPPC5,BrC15
TRMT112,BrC15
TSSC4,BrC15
TXN,BrC15
TXN2,BrC15
TXNDC12,BrC15
TXNDC9,BrC15
UBE2M,BrC15
UBL5,BrC15
UFC1,BrC15
UQCC2,BrC15
URM1,BrC15
ZNHIT1,BrC15
ANAPC11,BrC18
APRT,BrC18
ATOX1,BrC18
ATP5D,BrC18
ATP5E,BrC18
ATP5H,BrC18
ATP5I,BrC18
ATP5J,BrC18
ATP5J2,BrC18
ATP5L,BrC18
ATP5O,BrC18
AURKAIP1,BrC18
BLOC1S1,BrC18
BLVRA,BrC18
C14orf2,BrC18
C19orf24,BrC18
C19orf70,BrC18
C1orf122,BrC18
CDKN2AIPNL,BrC18
CISD3,BrC18
CLPP,BrC18
COX5A,BrC18
COX5B,BrC18
COX6A1,BrC18
COX6B1,BrC18
COX6C,BrC18
COX7A2,BrC18
COX7B,BrC18
COX7C,BrC18
COX8A,BrC18
CYC1,BrC18
DDT,BrC18
DNPH1,BrC18
DRAP1,BrC18
DTYMK,BrC18
ECI1,BrC18
ELOB,BrC18
EMC6,BrC18
FAM58A,BrC18
FIS1,BrC18
FMC1,BrC18
GADD45GIP1,BrC18
HSD17B10,BrC18
ISOC2,BrC18
JOSD2,BrC18
LAMTOR1,BrC18
LAMTOR2,BrC18
LINC00116,BrC18
LSM1,BrC18
LSM10,BrC18
MALSU1,BrC18
MCRIP2,BrC18
MDH2,BrC18
MPDU1,BrC18
MPG,BrC18
MRPL12,BrC18
MRPL20,BrC18
MRPL24,BrC18
MRPL34,BrC18
MRPL36,BrC18
MRPL40,BrC18
MRPL47,BrC18
MRPL54,BrC18
MRPL58,BrC18
MRPS11,BrC18
MRPS12,BrC18
MRPS15,BrC18
MRPS16,BrC18
MRPS18C,BrC18
MRPS33,BrC18
MRPS34,BrC18
MRPS36,BrC18
MRPS7,BrC18
NDUFA1,BrC18
NDUFA12,BrC18
NDUFA13,BrC18
NDUFA2,BrC18
NDUFA3,BrC18
NDUFA4,BrC18
NDUFA6,BrC18
NDUFA7,BrC18
NDUFA8,BrC18
NDUFAB1,BrC18
NDUFAF2,BrC18
NDUFAF8,BrC18
NDUFB1,BrC18
NDUFB10,BrC18
NDUFB11,BrC18
NDUFB2,BrC18
NDUFB3,BrC18
NDUFB7,BrC18
NDUFB8,BrC18
NDUFB9,BrC18
NDUFC2,BrC18
NDUFS5,BrC18
NDUFS6,BrC18
NDUFS7,BrC18
NDUFS8,BrC18
NDUFV2,BrC18
NEDD8,BrC18
NFU1,BrC18
NOP10,BrC18
OAZ1,BrC18
ORMDL2,BrC18
OST4,BrC18
PGLS,BrC18
PHB,BrC18
PPIA,BrC18
PPP1CA,BrC18
PRADC1,BrC18
PRDX2,BrC18
PRDX4,BrC18
PRELID1,BrC18
PSMA1,BrC18
PSMA2,BrC18
PSMA3,BrC18
PSMA4,BrC18
PSMA6,BrC18
PSMB5,BrC18
PSMB6,BrC18
PSMC3,BrC18
ROMO1,BrC18
RPS19BP1,BrC18
SDHB,BrC18
SERF2,BrC18
SLC39A3,BrC18
SLIRP,BrC18
SMIM4,BrC18
SNAPIN,BrC18
SNF8,BrC18
SOD1,BrC18
SSNA1,BrC18
STOML2,BrC18
STUB1,BrC18
TACO1,BrC18
TAF10,BrC18
TBCA,BrC18
TIMM10,BrC18
TIMM13,BrC18
TIMM50,BrC18
TIMM8B,BrC18
TMEM126A,BrC18
TMEM14B,BrC18
TMEM256,BrC18
TOMM22,BrC18
TOMM5,BrC18
TXNDC17,BrC18
TXNL4A,BrC18
UQCC3,BrC18
UQCR10,BrC18
UQCR11,BrC18
UQCRFS1,BrC18
UQCRH,BrC18
UQCRQ,BrC18
USMG5,BrC18
YIF1A,BrC18
YIF1B,BrC18
ANLN,BrC19
APOBEC3B,BrC19
ARHGAP11A,BrC19
ASF1B,BrC19
ASPHD1,BrC19
ASPM,BrC19
AURKA,BrC19
AURKB,BrC19
BIRC5,BrC19
BLM,BrC19
BRCA2,BrC19
BRIP1,BrC19
BUB1,BrC19
BUB1B,BrC19
C16orf59,BrC19
CCNA2,BrC19
CCNB1,BrC19
CCNB2,BrC19
CCNE1,BrC19
CDC20,BrC19
CDC25A,BrC19
CDC45,BrC19
CDC6,BrC19
CDCA2,BrC19
CDCA3,BrC19
CDCA5,BrC19
CDCA8,BrC19
CDK1,BrC19
CDT1,BrC19
CENPE,BrC19
CENPF,BrC19
CENPI,BrC19
CENPK,BrC19
CENPM,BrC19
CENPU,BrC19
CEP55,BrC19
CHEK1,BrC19
CKAP2,BrC19
CKAP2L,BrC19
CLSPN,BrC19
DDIAS,BrC19
DEPDC1,BrC19
DEPDC1B,BrC19
DIAPH3,BrC19
DLGAP5,BrC19
DTL,BrC19
E2F1,BrC19
E2F2,BrC19
E2F7,BrC19
E2F8,BrC19
EME1,BrC19
ERCC6L,BrC19
ESCO2,BrC19
ESPL1,BrC19
EXO1,BrC19
EZH2,BrC19
FAM111B,BrC19
FAM64A,BrC19
FANCA,BrC19
FANCI,BrC19
FBXO43,BrC19
FNDC10,BrC19
FOXM1,BrC19
GINS1,BrC19
GINS2,BrC19
GINS4,BrC19
GTSE1,BrC19
H2AFX,BrC19
HAPLN4,BrC19
HELLS,BrC19
HJURP,BrC19
HMMR,BrC19
IQGAP3,BrC19
KIAA1524,BrC19
KIF11,BrC19
KIF14,BrC19
KIF15,BrC19
KIF18A,BrC19
KIF18B,BrC19
KIF20A,BrC19
KIF23,BrC19
KIF24,BrC19
KIF2C,BrC19
KIF4A,BrC19
KNL1,BrC19
LMNB1,BrC19
MAD2L1,BrC19
MCM2,BrC19
MELK,BrC19
MKI67,BrC19
MND1,BrC19
MYBL2,BrC19
NCAPG,BrC19
NDC80,BrC19
NEK2,BrC19
NUF2,BrC19
NUSAP1,BrC19
OIP5,BrC19
ORC1,BrC19
ORC6,BrC19
PARPBP,BrC19
PBK,BrC19
PCLAF,BrC19
PIF1,BrC19
PKMYT1,BrC19
PLK1,BrC19
PLK4,BrC19
POC1A,BrC19
POLQ,BrC19
PRC1,BrC19
PRR11,BrC19
PTTG1,BrC19
RACGAP1,BrC19
RAD51,BrC19
RAD51AP1,BrC19
RAD54L,BrC19
RMI2,BrC19
RRM2,BrC19
SHCBP1,BrC19
SKA1,BrC19
SKA3,BrC19
SPAG5,BrC19
SPC24,BrC19
SPC25,BrC19
STIL,BrC19
STMN1,BrC19
TACC3,BrC19
TICRR,BrC19
TK1,BrC19
TOP2A,BrC19
TPX2,BrC19
TRIP13,BrC19
TROAP,BrC19
TTK,BrC19
TYMS,BrC19
UBE2C,BrC19
UBE2T,BrC19
UHRF1,BrC19
WDR62,BrC19
XRCC2,BrC19
ZNF367,BrC19
ZWINT,BrC19
